timestamp,variant,n,kappa,matrix_family,seed,run_index,block_size,tile,precision,pivoting,cpu_ms,gpu_ms,effective_gflops,residual_norm2,residual_max,solution_error_norm2,solution_error_max,cpu_reference_ran,generation_ms,prepare_ms,cpu_reference_ms,gpu_wall_ms,validation_ms,pre_csv_total_ms,v4_transpose_ms,v4_setup_alloc_ms,v4_h2d_ms,v4_workspace_ms,v4_solve_wall_ms,v4_d2h_ms,v4_cleanup_ms,driver_version
2026-08-23T03:18:37,V1,2000,100,conditioned_spd_givens,19946244,0,512,32x32,FP32,ordinary_partial_pivoting_serial_pivot_swap,-1,2270.39,2.34909,1.21092e-08,1.49911e-06,3.37097e-06,2.92063e-05,0,653.39,9.8027,0,2445.88,26.8825,3135.95,0,0,0,0,0,0,0,12.8
2026-08-23T03:18:41,V2,2000,100,conditioned_spd_givens,19946244,0,512,32x32,FP32,ordinary_partial_pivoting_parallel_pivot_swap,-1,2389.64,2.23185,1.21092e-08,1.49911e-06,3.37097e-06,2.92063e-05,0,586.002,10.6953,0,2678.31,19.8267,3294.84,0,0,0,0,0,0,0,12.8
2026-08-23T03:18:42,V3,2000,100,conditioned_spd_givens,19946244,0,512,32x32,FP32,ordinary_partial_pivoting_parallel_pivot_swap,-1,486.82,10.9555,1.21092e-08,1.49911e-06,3.37097e-06,2.92063e-05,0,493.463,9.6421,0,731.833,24.83,1259.77,0,0,0,0,0,0,0,12.8
2026-08-23T03:18:44,V3f,2000,100,conditioned_spd_givens,19946244,0,512,32x32,FP32,ordinary_partial_pivoting_parallel_pivot_swap,-1,322.956,16.5141,1.21092e-08,1.49911e-06,3.37097e-06,2.92063e-05,0,459.705,8.8093,0,436.254,27.6796,932.448,0,0,0,0,0,0,0,12.8
2026-08-23T03:18:45,V4,2000,100,conditioned_spd_givens,19946244,0,512,32x32,FP32,ordinary_partial_pivoting_cusolver_getrf,-1,27.9181,191.035,1.32123e-08,1.62989e-06,5.82682e-06,7.73668e-05,0,483.814,10.0273,0,220.03,20.0135,733.886,29.0666,156.947,3.1891,0.027,27.9209,0.1275,1.7002,12.8
2026-08-23T03:18:47,V5a_t32x32,2000,100,conditioned_spd_givens,19946244,0,512,32x32,FP32,ordinary_partial_pivoting_parallel_pivot_swap,-1,542.437,9.83217,1.21092e-08,1.49911e-06,3.37097e-06,2.92063e-05,0,448.419,7.4311,0,765.34,25.7006,1246.89,0,0,0,0,0,0,0,12.8
2026-08-23T03:18:48,V5af_t32x32,2000,100,conditioned_spd_givens,19946244,0,512,32x32,FP32,ordinary_partial_pivoting_parallel_pivot_swap,-1,371.913,14.3403,1.21092e-08,1.49911e-06,3.37097e-06,2.92063e-05,0,423.107,8.9491,0,485.656,21.5873,939.3,0,0,0,0,0,0,0,12.8
2026-08-23T03:18:50,V5bf_t32x32,2000,100,conditioned_spd_givens,19946244,0,512,32x32,FP32,ordinary_partial_pivoting_parallel_pivot_swap,-1,469.033,11.3709,1.21092e-08,1.49911e-06,3.37097e-06,2.92063e-05,0,436.453,10.9449,0,570.952,20.7358,1039.09,0,0,0,0,0,0,0,12.8
2026-08-23T03:18:51,VLU,2000,100,conditioned_spd_givens,19946244,0,512,32x32,FP32,ordinary_partial_pivoting_custom_lu_parallel_pivot_swap,-1,371.466,14.3575,1.10563e-08,1.14685e-06,7.55034e-06,8.10385e-05,0,420.633,7.2124,0,476.192,37.8486,941.886,0,0,0,0,0,0,0,12.8
2026-08-23T03:18:52,V6a_b64,2000,100,conditioned_spd_givens,19946244,0,512,32x32,FP32,ordinary_partial_pivoting_blocked_lu_cublas,-1,193.369,27.5811,1.30473e-08,1.77177e-06,4.95744e-06,6.2108e-05,0,404.03,10.1341,0,383.836,18.2206,816.22,30.2422,154.592,3.4428,0,193.41,0.1876,0.8715,12.8
2026-08-23T03:18:54,V6b_b64,2000,100,conditioned_spd_givens,19946244,0,512,32x32,FP32,ordinary_partial_pivoting_blocked_lu_cublas_fused_swap,-1,126.631,42.1172,1.30473e-08,1.77177e-06,4.95744e-06,6.2108e-05,0,419.473,8.7229,0,340.195,20.9295,789.321,30.4858,177.552,3.2569,0,126.637,0.1057,1.0209,12.8
2026-08-23T03:18:55,V6c_b64,2000,100,conditioned_spd_givens,19946244,0,512,32x32,FP32,ordinary_partial_pivoting_blocked_lu_cublas_fused_pivot_swap,-1,100.763,52.9295,1.30473e-08,1.77177e-06,4.95744e-06,6.2108e-05,0,419.572,9.5991,0,280.761,18.2228,728.155,33.4138,141.057,3.2163,0,100.766,0.1679,1.0649,12.8
2026-08-23T03:18:56,V6d_b32,2000,100,conditioned_spd_givens,19946244,0,512,32x32,FP32,ordinary_partial_pivoting_blocked_lu_cublas_adaptive_panel_fused_pivot_swap,-1,100.583,53.0241,1.30354e-08,1.72492e-06,5.06484e-06,6.28233e-05,0,402.358,9.6168,0,278.422,20.1729,710.569,29.3685,36.6076,2.953,0,100.588,0.1248,0.9826,12.8
2026-08-23T03:18:57,V6e_b64,2000,100,conditioned_spd_givens,19946244,0,512,32x32,FP32,ordinary_partial_pivoting_blocked_lu_cublas_single_panel_deferred_swaps,-1,103.002,51.779,1.30473e-08,1.77177e-06,4.95744e-06,6.2108e-05,0,408.281,7.597,0,283.164,18.2797,717.322,28.5241,146.053,3.3849,0,103.003,0.1607,1.0105,12.8
2026-08-23T03:18:58,V5c_b64,2000,100,conditioned_spd_givens,19946244,0,512,32x32,FP32,ordinary_partial_pivoting_blocked_lu_custom_rank_b_update,-1,189.194,28.1898,1.29943e-08,1.77287e-06,4.95802e-06,6.2108e-05,0,416.322,8.4089,0,369.782,17.6763,812.19,27.5353,147.711,3.3341,0,189.221,0.1562,0.774,12.8
2026-08-23T03:19:02,V1,2000,10000,conditioned_spd_givens,19946446,0,512,32x32,FP32,ordinary_partial_pivoting_serial_pivot_swap,-1,2262.85,2.35691,9.18457e-09,6.58716e-07,0.00017108,0.00155482,0,440.81,7.5809,0,2362.37,16.2009,2826.96,0,0,0,0,0,0,0,12.8
2026-08-23T03:19:05,V2,2000,10000,conditioned_spd_givens,19946446,0,512,32x32,FP32,ordinary_partial_pivoting_parallel_pivot_swap,-1,2311.49,2.30731,9.18457e-09,6.58716e-07,0.00017108,0.00155482,0,322.853,6.4142,0,2500.9,15.0256,2845.19,0,0,0,0,0,0,0,12.8
2026-08-23T03:19:06,V3,2000,10000,conditioned_spd_givens,19946446,0,512,32x32,FP32,ordinary_partial_pivoting_parallel_pivot_swap,-1,406.971,13.1049,9.18457e-09,6.58716e-07,0.00017108,0.00155482,0,340.174,6.7044,0,601.016,13.5643,961.458,0,0,0,0,0,0,0,12.8
2026-08-23T03:19:07,V3f,2000,10000,conditioned_spd_givens,19946446,0,512,32x32,FP32,ordinary_partial_pivoting_parallel_pivot_swap,-1,341.963,15.5962,9.18457e-09,6.58716e-07,0.00017108,0.00155482,0,315.433,5.6317,0,453.259,14.1606,788.484,0,0,0,0,0,0,0,12.8
2026-08-23T03:19:08,V4,2000,10000,conditioned_spd_givens,19946446,0,512,32x32,FP32,ordinary_partial_pivoting_cusolver_getrf,-1,23.1404,230.478,1.22572e-08,1.43975e-06,0.000358364,0.00514312,0,322.434,6.6893,0,191.456,17.4595,538.039,28.8146,134.642,2.446,0.0165,23.171,0.0689,1.4415,12.8
2026-08-23T03:19:10,V5a_t32x32,2000,10000,conditioned_spd_givens,19946446,0,512,32x32,FP32,ordinary_partial_pivoting_parallel_pivot_swap,-1,475.466,11.2171,9.18457e-09,6.58716e-07,0.00017108,0.00155482,0,340.225,5.9856,0,671.412,17.226,1034.85,0,0,0,0,0,0,0,12.8
2026-08-23T03:19:11,V5af_t32x32,2000,10000,conditioned_spd_givens,19946446,0,512,32x32,FP32,ordinary_partial_pivoting_parallel_pivot_swap,-1,356.916,14.9428,9.18457e-09,6.58716e-07,0.00017108,0.00155482,0,340.833,6.1508,0,458.183,14.541,819.708,0,0,0,0,0,0,0,12.8
2026-08-23T03:19:12,V5bf_t32x32,2000,10000,conditioned_spd_givens,19946446,0,512,32x32,FP32,ordinary_partial_pivoting_parallel_pivot_swap,-1,465.095,11.4672,9.18457e-09,6.58716e-07,0.00017108,0.00155482,0,331.128,7.192,0,567.622,16.1491,922.091,0,0,0,0,0,0,0,12.8
2026-08-23T03:19:13,VLU,2000,10000,conditioned_spd_givens,19946446,0,512,32x32,FP32,ordinary_partial_pivoting_custom_lu_parallel_pivot_swap,-1,378.173,14.1029,9.0835e-09,1.03727e-06,0.000399566,0.00463135,0,336.834,7.3883,0,476.363,15.5776,836.163,0,0,0,0,0,0,0,12.8
2026-08-23T03:19:14,V6a_b64,2000,10000,conditioned_spd_givens,19946446,0,512,32x32,FP32,ordinary_partial_pivoting_blocked_lu_cublas,-1,124.271,42.9169,1.19265e-08,1.40766e-06,0.000343208,0.00440059,0,353.555,8.5314,0,275.917,16.2105,654.213,23.668,123.136,2.9861,0,124.276,0.1056,0.7871,12.8
2026-08-23T03:19:15,V6b_b64,2000,10000,conditioned_spd_givens,19946446,0,512,32x32,FP32,ordinary_partial_pivoting_blocked_lu_cublas_fused_swap,-1,97.7879,54.5398,1.19265e-08,1.40766e-06,0.000343208,0.00440059,0,355.862,5.5913,0,265.179,18.5195,645.152,25.4945,136.167,3.651,0,97.7929,0.1032,0.9645,12.8
2026-08-23T03:19:16,V6c_b64,2000,10000,conditioned_spd_givens,19946446,0,512,32x32,FP32,ordinary_partial_pivoting_blocked_lu_cublas_fused_pivot_swap,-1,76.4646,69.7491,1.19265e-08,1.40766e-06,0.000343208,0.00440059,0,346.039,5.9066,0,233.194,22.984,608.123,25.4215,125.364,3.51,0,76.4686,0.0904,0.8369,12.8
2026-08-23T03:19:18,V6d_b32,2000,10000,conditioned_spd_givens,19946446,0,512,32x32,FP32,ordinary_partial_pivoting_blocked_lu_cublas_adaptive_panel_fused_pivot_swap,-1,77.7824,68.5673,1.18391e-08,1.17098e-06,0.000336162,0.00432739,0,350.212,6.4697,0,235.75,17.0785,609.51,24.1203,34.2308,2.9259,0,77.7848,0.0814,0.7234,12.8
2026-08-23T03:19:19,V6e_b64,2000,10000,conditioned_spd_givens,19946446,0,512,32x32,FP32,ordinary_partial_pivoting_blocked_lu_cublas_single_panel_deferred_swaps,-1,100.563,53.0348,1.19265e-08,1.40766e-06,0.000343208,0.00440059,0,374.031,7.0323,0,254.517,18.7342,654.314,25.5228,123.517,2.8235,0,100.567,0.1277,0.9151,12.8
2026-08-23T03:19:20,V5c_b64,2000,10000,conditioned_spd_givens,19946446,0,512,32x32,FP32,ordinary_partial_pivoting_blocked_lu_custom_rank_b_update,-1,101.349,52.6235,1.19857e-08,1.40716e-06,0.000343208,0.00440059,0,385.83,6.736,0,257.475,18.1905,668.231,25.8302,125.468,2.6674,0,101.354,0.1094,1.0365,12.8
2026-08-23T03:19:23,V1,2000,1e+06,conditioned_spd_givens,19946648,0,512,32x32,FP32,ordinary_partial_pivoting_serial_pivot_swap,-1,2270.49,2.34898,7.79905e-09,5.68904e-07,0.0131303,0.132843,0,405.799,6.7231,0,2365.89,18.8294,2797.24,0,0,0,0,0,0,0,12.8
2026-08-23T03:19:27,V2,2000,1e+06,conditioned_spd_givens,19946648,0,512,32x32,FP32,ordinary_partial_pivoting_parallel_pivot_swap,-1,2344.57,2.27476,7.79905e-09,5.68904e-07,0.0131303,0.132843,0,400.558,9.7232,0,2545.28,16.8635,2972.43,0,0,0,0,0,0,0,12.8
2026-08-23T03:19:28,V3,2000,1e+06,conditioned_spd_givens,19946648,0,512,32x32,FP32,ordinary_partial_pivoting_parallel_pivot_swap,-1,509.284,10.4722,7.79905e-09,5.68904e-07,0.0131303,0.132843,0,383.471,10.369,0,749.644,18.8787,1162.36,0,0,0,0,0,0,0,12.8
2026-08-23T03:19:30,V3f,2000,1e+06,conditioned_spd_givens,19946648,0,512,32x32,FP32,ordinary_partial_pivoting_parallel_pivot_swap,-1,329.757,16.1735,7.79905e-09,5.68904e-07,0.0131303,0.132843,0,383.466,7.6418,0,426.018,16.5824,833.709,0,0,0,0,0,0,0,12.8
2026-08-23T03:19:31,V4,2000,1e+06,conditioned_spd_givens,19946648,0,512,32x32,FP32,ordinary_partial_pivoting_cusolver_getrf,-1,24.4203,218.398,1.14656e-08,1.06705e-06,0.0189021,0.316249,0,364.472,7.8873,0,189.038,20.3069,581.704,28.5019,130.601,2.7062,0.0221,24.4246,0.1108,1.7098,12.8
2026-08-23T03:19:32,V5a_t32x32,2000,1e+06,conditioned_spd_givens,19946648,0,512,32x32,FP32,ordinary_partial_pivoting_parallel_pivot_swap,-1,510.476,10.4478,7.79905e-09,5.68904e-07,0.0131303,0.132843,0,365.19,6.7389,0,713.103,16.2815,1101.31,0,0,0,0,0,0,0,12.8
2026-08-23T03:19:34,V5af_t32x32,2000,1e+06,conditioned_spd_givens,19946648,0,512,32x32,FP32,ordinary_partial_pivoting_parallel_pivot_swap,-1,353.167,15.1014,7.79905e-09,5.68904e-07,0.0131303,0.132843,0,367.274,7.2236,0,457.937,16.4527,848.886,0,0,0,0,0,0,0,12.8
2026-08-23T03:19:35,V5bf_t32x32,2000,1e+06,conditioned_spd_givens,19946648,0,512,32x32,FP32,ordinary_partial_pivoting_parallel_pivot_swap,-1,468.296,11.3888,7.79905e-09,5.68904e-07,0.0131303,0.132843,0,392.537,6.409,0,566.648,18.2937,983.888,0,0,0,0,0,0,0,12.8
2026-08-23T03:19:36,VLU,2000,1e+06,conditioned_spd_givens,19946648,0,512,32x32,FP32,ordinary_partial_pivoting_custom_lu_parallel_pivot_swap,-1,365.611,14.5875,8.85661e-09,7.27631e-07,0.0324652,0.452434,0,329.984,5.9822,0,462.623,14.7248,813.315,0,0,0,0,0,0,0,12.8
2026-08-23T03:19:37,V6a_b64,2000,1e+06,conditioned_spd_givens,19946648,0,512,32x32,FP32,ordinary_partial_pivoting_blocked_lu_cublas,-1,112.613,47.3597,1.16883e-08,1.19183e-06,0.0192471,0.365847,0,323.861,5.8887,0,259.379,15.2794,604.408,25.8773,116.659,2.5665,0,112.62,0.0807,0.6567,12.8
2026-08-23T03:19:38,V6b_b64,2000,1e+06,conditioned_spd_givens,19946648,0,512,32x32,FP32,ordinary_partial_pivoting_blocked_lu_cublas_fused_swap,-1,121.743,43.8081,1.16883e-08,1.19183e-06,0.0192471,0.365847,0,323.254,5.5891,0,288.107,15.814,632.765,25.104,136.15,3.1136,0,121.75,0.1377,0.8627,12.8
2026-08-23T03:19:39,V6c_b64,2000,1e+06,conditioned_spd_givens,19946648,0,512,32x32,FP32,ordinary_partial_pivoting_blocked_lu_cublas_fused_pivot_swap,-1,78.5821,67.8696,1.16883e-08,1.19183e-06,0.0192471,0.365847,0,324.099,5.636,0,234.199,18.5531,582.487,26.762,123.369,3.3103,0,78.5859,0.1233,1.0909,12.8
2026-08-23T03:19:41,V6d_b32,2000,1e+06,conditioned_spd_givens,19946648,0,512,32x32,FP32,ordinary_partial_pivoting_blocked_lu_cublas_adaptive_panel_fused_pivot_swap,-1,73.4758,72.5863,1.17773e-08,1.29855e-06,0.0188312,0.31317,0,340.053,6.6172,0,213.596,15.9675,576.234,21.581,31.6789,2.6829,0,73.4822,0.078,1.074,12.8
2026-08-23T03:19:42,V6e_b64,2000,1e+06,conditioned_spd_givens,19946648,0,512,32x32,FP32,ordinary_partial_pivoting_blocked_lu_cublas_single_panel_deferred_swaps,-1,101.05,52.779,1.16883e-08,1.19183e-06,0.0192471,0.365847,0,324.914,6.4103,0,243.298,16.4343,591.057,23.2579,114.023,2.8217,0,101.053,0.1138,0.9916,12.8
2026-08-23T03:19:43,V5c_b64,2000,1e+06,conditioned_spd_givens,19946648,0,512,32x32,FP32,ordinary_partial_pivoting_blocked_lu_custom_rank_b_update,-1,81.3261,65.5796,1.16462e-08,1.24643e-06,0.0192471,0.365847,0,331.033,6.3124,0,229.459,16.877,583.681,26.4545,117.001,2.6775,0,81.3298,0.1075,0.7694,12.8
2026-08-23T03:19:59,V1,4000,100,conditioned_spd_givens,39892244,0,512,32x32,FP32,ordinary_partial_pivoting_serial_pivot_swap,-1,14425.4,2.95775,1.04812e-08,1.52279e-06,2.21557e-06,2.65837e-05,0,1617.6,24.311,0,14545.1,68.8632,16255.9,0,0,0,0,0,0,0,12.8
2026-08-23T03:20:17,V2,4000,100,conditioned_spd_givens,39892244,0,512,32x32,FP32,ordinary_partial_pivoting_parallel_pivot_swap,-1,14632,2.91598,1.04812e-08,1.52279e-06,2.21557e-06,2.65837e-05,0,1781.64,25.7828,0,14969.3,94.8022,16871.6,0,0,0,0,0,0,0,12.8
2026-08-23T03:20:23,V3,4000,100,conditioned_spd_givens,39892244,0,512,32x32,FP32,ordinary_partial_pivoting_parallel_pivot_swap,-1,2583.63,16.5142,1.04812e-08,1.52279e-06,2.21557e-06,2.65837e-05,0,2614.18,32.8234,0,2976.28,100.145,5723.42,0,0,0,0,0,0,0,12.8
2026-08-23T03:20:29,V3f,4000,100,conditioned_spd_givens,39892244,0,512,32x32,FP32,ordinary_partial_pivoting_parallel_pivot_swap,-1,2205.19,19.3483,1.04812e-08,1.52279e-06,2.21557e-06,2.65837e-05,0,2858.66,60.6875,0,2423.93,97.33,5440.61,0,0,0,0,0,0,0,12.8
2026-08-23T03:20:33,V4,4000,100,conditioned_spd_givens,39892244,0,512,32x32,FP32,ordinary_partial_pivoting_cusolver_getrf,-1,79.0076,540.033,8.0801e-09,1.64492e-06,4.51073e-06,9.75728e-05,0,2860.54,43.7597,0,513.099,125.202,3542.6,196.841,217.626,12.0121,0.0274,79.0274,0.1467,2.0752,12.8
2026-08-23T03:20:40,V5a_t32x32,4000,100,conditioned_spd_givens,39892244,0,512,32x32,FP32,ordinary_partial_pivoting_parallel_pivot_swap,-1,2812.15,15.1723,1.04812e-08,1.52279e-06,2.21557e-06,2.65837e-05,0,2688.28,44.2625,0,3219.45,94.7621,6046.76,0,0,0,0,0,0,0,12.8
2026-08-23T03:20:45,V5af_t32x32,4000,100,conditioned_spd_givens,39892244,0,512,32x32,FP32,ordinary_partial_pivoting_parallel_pivot_swap,-1,2468.66,17.2833,1.04812e-08,1.52279e-06,2.21557e-06,2.65837e-05,0,2433.03,34.9546,0,2617.69,101.106,5186.78,0,0,0,0,0,0,0,12.8
2026-08-23T03:20:52,V5bf_t32x32,4000,100,conditioned_spd_givens,39892244,0,512,32x32,FP32,ordinary_partial_pivoting_parallel_pivot_swap,-1,3332.62,12.8027,1.04812e-08,1.52279e-06,2.21557e-06,2.65837e-05,0,2292.09,33.033,0,3529.01,93.328,5947.46,0,0,0,0,0,0,0,12.8
2026-08-23T03:20:57,VLU,4000,100,conditioned_spd_givens,39892244,0,512,32x32,FP32,ordinary_partial_pivoting_custom_lu_parallel_pivot_swap,-1,2392.17,17.836,8.1696e-09,1.90209e-06,6.25694e-06,0.000129807,0,2189.69,31.7708,0,2525.42,99.9883,4846.87,0,0,0,0,0,0,0,12.8
2026-08-23T03:21:01,V6a_b64,4000,100,conditioned_spd_givens,39892244,0,512,32x32,FP32,ordinary_partial_pivoting_blocked_lu_cublas,-1,283.624,150.434,7.97705e-09,1.68395e-06,3.93279e-06,8.1706e-05,0,2085.66,32.7466,0,623.358,71.1289,2812.9,148.441,175.552,10.5763,0,283.628,0.0983,0.8339,12.8
2026-08-23T03:21:04,V6b_b64,4000,100,conditioned_spd_givens,39892244,0,512,32x32,FP32,ordinary_partial_pivoting_blocked_lu_cublas_fused_swap,-1,237.653,179.534,7.97705e-09,1.68395e-06,3.93279e-06,8.1706e-05,0,2094.81,31.9532,0,570.457,74.1883,2771.41,158.977,157.671,10.2482,0,237.657,0.1228,1.3688,12.8
2026-08-23T03:21:07,V6c_b64,4000,100,conditioned_spd_givens,39892244,0,512,32x32,FP32,ordinary_partial_pivoting_blocked_lu_cublas_fused_pivot_swap,-1,194.842,218.981,7.97705e-09,1.68395e-06,3.93279e-06,8.1706e-05,0,2048.53,37.1219,0,517.673,71.6972,2675.02,144.555,162.018,10.5103,0,194.847,0.1263,1.2231,12.8
2026-08-23T03:21:10,V6d_b32,4000,100,conditioned_spd_givens,39892244,0,512,32x32,FP32,ordinary_partial_pivoting_blocked_lu_cublas_adaptive_panel_fused_pivot_swap,-1,214.518,198.896,8.06079e-09,1.67332e-06,3.88071e-06,8.0514e-05,0,2024.31,27.5592,0,556.056,69.9453,2677.87,153.323,43.5784,10.4331,0,214.522,0.1117,1.1261,12.8
2026-08-23T03:21:13,V6e_b64,4000,100,conditioned_spd_givens,39892244,0,512,32x32,FP32,ordinary_partial_pivoting_blocked_lu_cublas_single_panel_deferred_swaps,-1,285.526,149.432,7.97705e-09,1.68395e-06,3.93279e-06,8.1706e-05,0,1792.82,24.3285,0,524.182,54.2205,2395.55,114.154,109.845,10.0862,0,285.533,0.1051,1.0109,12.8
2026-08-23T03:21:16,V5c_b64,4000,100,conditioned_spd_givens,39892244,0,512,32x32,FP32,ordinary_partial_pivoting_blocked_lu_custom_rank_b_update,-1,315.024,135.44,7.97185e-09,1.68336e-06,3.93292e-06,8.1706e-05,0,1587.92,27.057,0,592.069,71.5022,2278.55,141.723,121.455,9.9209,0,315.028,0.1093,0.7772,12.8
2026-08-23T03:21:32,V1,4000,10000,conditioned_spd_givens,39892446,0,512,32x32,FP32,ordinary_partial_pivoting_serial_pivot_swap,-1,14445.9,2.95356,8.50562e-09,1.27157e-06,0.000180778,0.00274162,0,1559.68,22.6996,0,14553.2,57.3452,16192.9,0,0,0,0,0,0,0,12.8
2026-08-23T03:21:49,V2,4000,10000,conditioned_spd_givens,39892446,0,512,32x32,FP32,ordinary_partial_pivoting_parallel_pivot_swap,-1,14571.7,2.92805,8.50562e-09,1.27157e-06,0.000180778,0.00274162,0,1675.71,25.77,0,14879.9,69.8072,16651.2,0,0,0,0,0,0,0,12.8
2026-08-23T03:21:55,V3,4000,10000,conditioned_spd_givens,39892446,0,512,32x32,FP32,ordinary_partial_pivoting_parallel_pivot_swap,-1,2490.72,17.1303,8.50562e-09,1.27157e-06,0.000180778,0.00274162,0,1977.77,30.7539,0,2845.54,100.102,4954.17,0,0,0,0,0,0,0,12.8
2026-08-23T03:22:00,V3f,4000,10000,conditioned_spd_givens,39892446,0,512,32x32,FP32,ordinary_partial_pivoting_parallel_pivot_swap,-1,2210.61,19.3008,8.50562e-09,1.27157e-06,0.000180778,0.00274162,0,2177.67,32.0452,0,2349.11,80.1665,4638.98,0,0,0,0,0,0,0,12.8
2026-08-23T03:22:03,V4,4000,10000,conditioned_spd_givens,39892446,0,512,32x32,FP32,ordinary_partial_pivoting_cusolver_getrf,-1,77.9674,547.238,7.81772e-09,1.10916e-06,0.000290903,0.00560167,0,2434.59,36.3659,0,501.201,91.4482,3063.61,198.168,205.12,11.7661,0.0276,77.9698,0.1525,2.3618,12.8
2026-08-23T03:22:10,V5a_t32x32,4000,10000,conditioned_spd_givens,39892446,0,512,32x32,FP32,ordinary_partial_pivoting_parallel_pivot_swap,-1,2889.56,14.7658,8.50562e-09,1.27157e-06,0.000180778,0.00274162,0,2600.76,35.1572,0,3290.83,102.692,6029.43,0,0,0,0,0,0,0,12.8
2026-08-23T03:22:16,V5af_t32x32,4000,10000,conditioned_spd_givens,39892446,0,512,32x32,FP32,ordinary_partial_pivoting_parallel_pivot_swap,-1,2472.33,17.2576,8.50562e-09,1.27157e-06,0.000180778,0.00274162,0,2943.11,49.0188,0,2747.01,128.475,5867.61,0,0,0,0,0,0,0,12.8
2026-08-23T03:22:24,V5bf_t32x32,4000,10000,conditioned_spd_givens,39892446,0,512,32x32,FP32,ordinary_partial_pivoting_parallel_pivot_swap,-1,3329.83,12.8134,8.50562e-09,1.27157e-06,0.000180778,0.00274162,0,2911.36,39.2365,0,3483.23,92.0786,6525.9,0,0,0,0,0,0,0,12.8
2026-08-23T03:22:29,VLU,4000,10000,conditioned_spd_givens,39892446,0,512,32x32,FP32,ordinary_partial_pivoting_custom_lu_parallel_pivot_swap,-1,2388.26,17.8652,7.00861e-09,1.0523e-06,0.000368603,0.00526824,0,2361.92,34.4942,0,2565.86,76.8364,5039.11,0,0,0,0,0,0,0,12.8
2026-08-23T03:22:33,V6a_b64,4000,10000,conditioned_spd_givens,39892446,0,512,32x32,FP32,ordinary_partial_pivoting_blocked_lu_cublas,-1,319.363,133.599,7.61661e-09,1.18323e-06,0.000232833,0.00384607,0,2414.67,31.8182,0,713.4,75.2332,3235.12,197.937,175.927,13.6872,0,319.366,0.1452,0.9584,12.8
2026-08-23T03:22:37,V6b_b64,4000,10000,conditioned_spd_givens,39892446,0,512,32x32,FP32,ordinary_partial_pivoting_blocked_lu_cublas_fused_swap,-1,252.651,168.876,7.61661e-09,1.18323e-06,0.000232833,0.00384607,0,2166.79,35.8408,0,602.988,71.4751,2877.1,170.835,161.484,11.1151,0,252.655,0.1476,1.608,12.8
2026-08-23T03:22:40,V6c_b64,4000,10000,conditioned_spd_givens,39892446,0,512,32x32,FP32,ordinary_partial_pivoting_blocked_lu_cublas_fused_pivot_swap,-1,205.793,207.328,7.61661e-09,1.18323e-06,0.000232833,0.00384607,0,2109.11,36.0708,0,554.998,74.1602,2774.34,164.389,168.765,10.6456,0,205.796,0.1166,1.0496,12.8
2026-08-23T03:22:43,V6d_b32,4000,10000,conditioned_spd_givens,39892446,0,512,32x32,FP32,ordinary_partial_pivoting_blocked_lu_cublas_adaptive_panel_fused_pivot_swap,-1,216.517,197.06,7.51584e-09,1.17752e-06,0.000233508,0.00404778,0,2054.02,33.5601,0,557.754,69.7353,2715.07,172.623,41.9879,10.5377,0,216.519,0.1017,1.0453,12.8
2026-08-23T03:22:46,V6e_b64,4000,10000,conditioned_spd_givens,39892446,0,512,32x32,FP32,ordinary_partial_pivoting_blocked_lu_cublas_single_panel_deferred_swaps,-1,321.512,132.706,7.61661e-09,1.18323e-06,0.000232833,0.00384607,0,1730.24,23.7261,0,561.577,59.9476,2375.49,116.41,109.286,10.1464,0,321.518,0.096,0.8073,12.8
2026-08-23T03:22:48,V5c_b64,4000,10000,conditioned_spd_givens,39892446,0,512,32x32,FP32,ordinary_partial_pivoting_blocked_lu_custom_rank_b_update,-1,358.011,119.177,7.61535e-09,1.17928e-06,0.000232833,0.00384607,0,1533.47,25.6106,0,649.116,61.7218,2269.92,122.888,153.834,9.9625,0,358.016,0.0838,0.9752,12.8
2026-08-23T03:23:05,V1,4000,1e+06,conditioned_spd_givens,39892648,0,512,32x32,FP32,ordinary_partial_pivoting_serial_pivot_swap,-1,14461.1,2.95043,7.24945e-09,7.09279e-07,0.0120441,0.173438,0,1770.83,29.5433,0,14567.8,63.0496,16431.3,0,0,0,0,0,0,0,12.8
2026-08-23T03:23:22,V2,4000,1e+06,conditioned_spd_givens,39892648,0,512,32x32,FP32,ordinary_partial_pivoting_parallel_pivot_swap,-1,14574.4,2.92752,7.24945e-09,7.09279e-07,0.0120441,0.173438,0,1683.82,26.9659,0,14902.7,89.7838,16703.3,0,0,0,0,0,0,0,12.8
2026-08-23T03:23:28,V3,4000,1e+06,conditioned_spd_givens,39892648,0,512,32x32,FP32,ordinary_partial_pivoting_parallel_pivot_swap,-1,2472.29,17.258,7.24945e-09,7.09279e-07,0.0120441,0.173438,0,1963.97,31.4194,0,2810.39,79.5744,4885.35,0,0,0,0,0,0,0,12.8
2026-08-23T03:23:33,V3f,4000,1e+06,conditioned_spd_givens,39892648,0,512,32x32,FP32,ordinary_partial_pivoting_parallel_pivot_swap,-1,2199.03,19.4025,7.24945e-09,7.09279e-07,0.0120441,0.173438,0,2191.82,34.2406,0,2351.73,104.611,4682.4,0,0,0,0,0,0,0,12.8
2026-08-23T03:23:37,V4,4000,1e+06,conditioned_spd_givens,39892648,0,512,32x32,FP32,ordinary_partial_pivoting_cusolver_getrf,-1,77.4684,550.762,8.33214e-09,1.0685e-06,0.0232661,0.38702,0,2453.78,43.3543,0,527.401,97.566,3122.11,182.407,249.07,11.0681,0.025,77.4728,0.1096,2.1579,12.8
2026-08-23T03:23:43,V5a_t32x32,4000,1e+06,conditioned_spd_givens,39892648,0,512,32x32,FP32,ordinary_partial_pivoting_parallel_pivot_swap,-1,2865.71,14.8887,7.24945e-09,7.09279e-07,0.0120441,0.173438,0,2624.24,41.223,0,3274.62,97.4091,6037.49,0,0,0,0,0,0,0,12.8
2026-08-23T03:23:50,V5af_t32x32,4000,1e+06,conditioned_spd_givens,39892648,0,512,32x32,FP32,ordinary_partial_pivoting_parallel_pivot_swap,-1,2461.4,17.3343,7.24945e-09,7.09279e-07,0.0120441,0.173438,0,3001.39,45.3268,0,2632.65,105.706,5785.07,0,0,0,0,0,0,0,12.8
2026-08-23T03:23:56,V5bf_t32x32,4000,1e+06,conditioned_spd_givens,39892648,0,512,32x32,FP32,ordinary_partial_pivoting_parallel_pivot_swap,-1,3320.29,12.8503,7.24945e-09,7.09279e-07,0.0120441,0.173438,0,2617.49,43.462,0,3500.41,100.312,6261.67,0,0,0,0,0,0,0,12.8
2026-08-23T03:24:02,VLU,4000,1e+06,conditioned_spd_givens,39892648,0,512,32x32,FP32,ordinary_partial_pivoting_custom_lu_parallel_pivot_swap,-1,2395.14,17.8139,6.32728e-09,1.09499e-06,0.0285268,0.475186,0,2395.72,50.6054,0,2562.39,93.833,5102.54,0,0,0,0,0,0,0,12.8
2026-08-23T03:24:06,V6a_b64,4000,1e+06,conditioned_spd_givens,39892648,0,512,32x32,FP32,ordinary_partial_pivoting_blocked_lu_cublas,-1,341.184,125.055,8.29135e-09,1.19393e-06,0.0211193,0.407789,0,2315.19,33.0521,0,777.112,101.235,3226.59,176.048,242.723,10.8604,0,341.188,0.1175,1.1634,12.8
2026-08-23T03:24:10,V6b_b64,4000,1e+06,conditioned_spd_givens,39892648,0,512,32x32,FP32,ordinary_partial_pivoting_blocked_lu_cublas_fused_swap,-1,265.28,160.836,8.29135e-09,1.19393e-06,0.0211193,0.407789,0,2434.94,33.0863,0,611.769,74.2517,3154.04,164.618,164.418,11.348,0,265.285,0.1542,1.3535,12.8
2026-08-23T03:24:13,V6c_b64,4000,1e+06,conditioned_spd_givens,39892648,0,512,32x32,FP32,ordinary_partial_pivoting_blocked_lu_cublas_fused_pivot_swap,-1,206.42,206.698,8.29135e-09,1.19393e-06,0.0211193,0.407789,0,2120.36,36.7058,0,535.605,73.9025,2766.57,153.196,160.229,10.3762,0,206.424,0.1124,0.9845,12.8
2026-08-23T03:24:16,V6d_b32,4000,1e+06,conditioned_spd_givens,39892648,0,512,32x32,FP32,ordinary_partial_pivoting_blocked_lu_cublas_adaptive_panel_fused_pivot_swap,-1,213.799,199.565,7.55732e-09,9.42088e-07,0.0217761,0.374406,0,2112.79,33.3758,0,537.595,68.7226,2752.48,158.147,40.0178,10.4777,0,213.801,0.0983,1.0031,12.8
2026-08-23T03:24:19,V6e_b64,4000,1e+06,conditioned_spd_givens,39892648,0,512,32x32,FP32,ordinary_partial_pivoting_blocked_lu_cublas_single_panel_deferred_swaps,-1,308.242,138.419,8.29135e-09,1.19393e-06,0.0211193,0.407789,0,2145.19,31.6365,0,626.714,85.7848,2889.32,145.321,155.21,11.2467,0,308.247,0.1681,1.4251,12.8
2026-08-23T03:24:22,V5c_b64,4000,1e+06,conditioned_spd_givens,39892648,0,512,32x32,FP32,ordinary_partial_pivoting_blocked_lu_custom_rank_b_update,-1,332.231,128.425,8.22608e-09,1.16826e-06,0.0211193,0.407789,0,1642.33,22.7831,0,593.827,61.6113,2320.55,122.139,124.304,10.9616,0,332.235,0.0818,0.968,12.8
2026-08-23T03:24:25,V2,2000,100,conditioned_spd_givens,20946247,0,512,32x32,FP32,ordinary_partial_pivoting_parallel_pivot_swap,-1,2309.85,2.30895,1.1631e-08,1.02421e-06,2.84567e-06,3.23296e-05,0,327.805,5.8449,0,2497.75,13.6537,2845.05,0,0,0,0,0,0,0,12.8
2026-08-23T03:24:27,V3,2000,100,conditioned_spd_givens,20946247,0,512,32x32,FP32,ordinary_partial_pivoting_parallel_pivot_swap,-1,403.258,13.2256,1.1631e-08,1.02421e-06,2.84567e-06,3.23296e-05,0,329.129,6.0287,0,583.198,27.2296,945.586,0,0,0,0,0,0,0,12.8
2026-08-23T03:24:28,V3f,2000,100,conditioned_spd_givens,20946247,0,512,32x32,FP32,ordinary_partial_pivoting_parallel_pivot_swap,-1,322.79,16.5226,1.1631e-08,1.02421e-06,2.84567e-06,3.23296e-05,0,313.537,6.3733,0,426.226,14.0743,760.21,0,0,0,0,0,0,0,12.8
2026-08-23T03:24:29,V4,2000,100,conditioned_spd_givens,20946247,0,512,32x32,FP32,ordinary_partial_pivoting_cusolver_getrf,-1,27.0398,197.24,1.18011e-08,1.5201e-06,5.25079e-06,6.04868e-05,0,310.877,5.5258,0,174.836,23.5566,514.795,22.0193,120.971,2.3673,0.0137,27.0431,0.082,1.4363,12.8
2026-08-23T03:24:30,V5a_t32x32,2000,100,conditioned_spd_givens,20946247,0,512,32x32,FP32,ordinary_partial_pivoting_parallel_pivot_swap,-1,462.564,11.5299,1.1631e-08,1.02421e-06,2.84567e-06,3.23296e-05,0,330.137,7.4446,0,653.41,14.2001,1005.19,0,0,0,0,0,0,0,12.8
2026-08-23T03:24:31,V5af_t32x32,2000,100,conditioned_spd_givens,20946247,0,512,32x32,FP32,ordinary_partial_pivoting_parallel_pivot_swap,-1,350.857,15.2009,1.1631e-08,1.02421e-06,2.84567e-06,3.23296e-05,0,315.767,5.8525,0,442.989,14.0058,778.614,0,0,0,0,0,0,0,12.8
2026-08-23T03:24:33,V5bf_t32x32,2000,100,conditioned_spd_givens,20946247,0,512,32x32,FP32,ordinary_partial_pivoting_parallel_pivot_swap,-1,474.744,11.2341,1.1631e-08,1.02421e-06,2.84567e-06,3.23296e-05,0,313.16,6.4195,0,574.156,14.3102,908.046,0,0,0,0,0,0,0,12.8
2026-08-23T03:24:34,VLU,2000,100,conditioned_spd_givens,20946247,0,512,32x32,FP32,ordinary_partial_pivoting_custom_lu_parallel_pivot_swap,-1,369.414,14.4373,1.09966e-08,2.27952e-06,7.10562e-06,0.000134325,0,319.891,6.0327,0,480.139,14.5091,820.572,0,0,0,0,0,0,0,12.8
2026-08-23T03:24:35,V6a_b64,2000,100,conditioned_spd_givens,20946247,0,512,32x32,FP32,ordinary_partial_pivoting_blocked_lu_cublas,-1,109.386,48.7571,1.15426e-08,1.37182e-06,5.00344e-06,6.22153e-05,0,333.602,8.8374,0,263.841,14.7598,621.04,29.3812,120.567,2.6205,0,109.391,0.0746,0.876,12.8
2026-08-23T03:24:36,V6b_b64,2000,100,conditioned_spd_givens,20946247,0,512,32x32,FP32,ordinary_partial_pivoting_blocked_lu_cublas_fused_swap,-1,93.7755,56.8734,1.15426e-08,1.37182e-06,5.00344e-06,6.22153e-05,0,328.554,8.0119,0,246.742,15.8144,599.122,27.5498,120.651,2.9343,0,93.7792,0.0782,0.8964,12.8
2026-08-23T03:24:37,V6c_b64,2000,100,conditioned_spd_givens,20946247,0,512,32x32,FP32,ordinary_partial_pivoting_blocked_lu_cublas_fused_pivot_swap,-1,75.5741,70.5709,1.15426e-08,1.37182e-06,5.00344e-06,6.22153e-05,0,330.071,6.3191,0,228.573,15.1735,580.137,24.9066,123.403,2.7417,0,75.5784,0.1167,0.8867,12.8
2026-08-23T03:24:38,V6d_b32,2000,100,conditioned_spd_givens,20946247,0,512,32x32,FP32,ordinary_partial_pivoting_blocked_lu_cublas_adaptive_panel_fused_pivot_swap,-1,77.7014,68.6389,1.1625e-08,1.274e-06,5.11668e-06,7.08103e-05,0,331.569,6.1822,0,248.327,14.9566,601.035,23.9792,32.8482,3.1306,0,77.7067,0.1222,0.9542,12.8
2026-08-23T03:24:39,V6e_b64,2000,100,conditioned_spd_givens,20946247,0,512,32x32,FP32,ordinary_partial_pivoting_blocked_lu_cublas_single_panel_deferred_swaps,-1,100.344,53.1506,1.15426e-08,1.37182e-06,5.00344e-06,6.22153e-05,0,334.599,5.8166,0,273.268,14.9029,628.586,30.0597,138.292,2.7242,0,100.347,0.1106,0.7955,12.8
2026-08-23T03:24:40,V5c_b64,2000,100,conditioned_spd_givens,20946247,0,512,32x32,FP32,ordinary_partial_pivoting_blocked_lu_custom_rank_b_update,-1,97.8944,54.4805,1.15749e-08,1.34247e-06,5.00368e-06,6.22153e-05,0,338.324,7.3369,0,254.136,15.0394,614.837,26.928,124.765,2.8223,0,97.9006,0.0861,0.7323,12.8
2026-08-23T03:24:43,V1,2000,100,conditioned_spd_givens,20946247,0,512,32x32,FP32,ordinary_partial_pivoting_serial_pivot_swap,-1,2260.26,2.35961,1.1631e-08,1.02421e-06,2.84567e-06,3.23296e-05,0,355.643,6.4385,0,2361.03,19.2341,2742.34,0,0,0,0,0,0,0,12.8
2026-08-23T03:24:47,V2,2000,10000,conditioned_spd_givens,20946449,0,512,32x32,FP32,ordinary_partial_pivoting_parallel_pivot_swap,-1,2342.23,2.27703,8.71229e-09,8.30557e-07,0.000195237,0.00250489,0,369.925,7.863,0,2548.57,16.4213,2942.78,0,0,0,0,0,0,0,12.8
2026-08-23T03:24:48,V3,2000,10000,conditioned_spd_givens,20946449,0,512,32x32,FP32,ordinary_partial_pivoting_parallel_pivot_swap,-1,427.361,12.4797,8.71229e-09,8.30557e-07,0.000195237,0.00250489,0,375.056,7.9705,0,627.573,16.5091,1027.11,0,0,0,0,0,0,0,12.8
2026-08-23T03:24:50,V3f,2000,10000,conditioned_spd_givens,20946449,0,512,32x32,FP32,ordinary_partial_pivoting_parallel_pivot_swap,-1,324.663,16.4273,8.71229e-09,8.30557e-07,0.000195237,0.00250489,0,369.964,8.1834,0,421.809,19.0255,818.982,0,0,0,0,0,0,0,12.8
2026-08-23T03:24:51,V4,2000,10000,conditioned_spd_givens,20946449,0,512,32x32,FP32,ordinary_partial_pivoting_cusolver_getrf,-1,27.3816,194.778,1.12794e-08,8.92947e-07,0.000314032,0.00483179,0,367.614,8.6547,0,258.136,28.379,662.784,37.836,186.94,2.8823,0.0293,27.3836,0.1161,1.8123,12.8
2026-08-23T03:24:53,V5a_t32x32,2000,10000,conditioned_spd_givens,20946449,0,512,32x32,FP32,ordinary_partial_pivoting_parallel_pivot_swap,-1,576.047,9.25851,8.71229e-09,8.30557e-07,0.000195237,0.00250489,0,490.128,10.3773,0,816.178,22.9603,1339.64,0,0,0,0,0,0,0,12.8
2026-08-23T03:24:54,V5af_t32x32,2000,10000,conditioned_spd_givens,20946449,0,512,32x32,FP32,ordinary_partial_pivoting_parallel_pivot_swap,-1,391.025,13.6394,8.71229e-09,8.30557e-07,0.000195237,0.00250489,0,474.494,8.38,0,512.372,19.6551,1014.9,0,0,0,0,0,0,0,12.8
2026-08-23T03:24:56,V5bf_t32x32,2000,10000,conditioned_spd_givens,20946449,0,512,32x32,FP32,ordinary_partial_pivoting_parallel_pivot_swap,-1,481.356,11.0798,8.71229e-09,8.30557e-07,0.000195237,0.00250489,0,502.147,11.0084,0,613.378,24.694,1151.23,0,0,0,0,0,0,0,12.8
2026-08-23T03:24:58,VLU,2000,10000,conditioned_spd_givens,20946449,0,512,32x32,FP32,ordinary_partial_pivoting_custom_lu_parallel_pivot_swap,-1,378.649,14.0852,9.83063e-09,1.11548e-06,0.000488792,0.00560261,0,454.207,8.2391,0,479.904,18.0039,960.354,0,0,0,0,0,0,0,12.8
2026-08-23T03:24:59,V6a_b64,2000,10000,conditioned_spd_givens,20946449,0,512,32x32,FP32,ordinary_partial_pivoting_blocked_lu_cublas,-1,116.465,45.7933,1.11778e-08,9.28428e-07,0.000257256,0.00423658,0,375.983,6.4337,0,286.634,16.3978,685.448,25.9546,139.743,2.5022,0,116.468,0.0824,0.9212,12.8
2026-08-23T03:25:00,V6b_b64,2000,10000,conditioned_spd_givens,20946449,0,512,32x32,FP32,ordinary_partial_pivoting_blocked_lu_cublas_fused_swap,-1,110.072,48.4532,1.11778e-08,9.28428e-07,0.000257256,0.00423658,0,375.135,7.1051,0,281.573,16.0054,679.819,36.5751,129.685,3.0277,0,110.076,0.1154,1.0212,12.8
2026-08-23T03:25:01,V6c_b64,2000,10000,conditioned_spd_givens,20946449,0,512,32x32,FP32,ordinary_partial_pivoting_blocked_lu_cublas_fused_pivot_swap,-1,87.1277,61.2128,1.11778e-08,9.28428e-07,0.000257256,0.00423658,0,375.705,9.9175,0,259.601,16.6597,661.884,27.299,140.56,2.7592,0,87.1308,0.1238,0.8579,12.8
2026-08-23T03:25:02,V6d_b32,2000,10000,conditioned_spd_givens,20946449,0,512,32x32,FP32,ordinary_partial_pivoting_blocked_lu_cublas_adaptive_panel_fused_pivot_swap,-1,80.8916,65.9319,1.05954e-08,8.28856e-07,0.00025443,0.00426519,0,380.764,7.5196,0,238.442,17.775,644.5,24.5236,34.7744,2.7798,0,80.8957,0.111,0.8865,12.8
2026-08-23T03:25:03,V6e_b64,2000,10000,conditioned_spd_givens,20946449,0,512,32x32,FP32,ordinary_partial_pivoting_blocked_lu_cublas_single_panel_deferred_swaps,-1,101.128,52.7383,1.11778e-08,9.28428e-07,0.000257256,0.00423658,0,397.136,7.5166,0,269.562,17.0829,691.298,26.8975,136.679,2.8773,0,101.133,0.1328,0.8884,12.8
2026-08-23T03:25:04,V5c_b64,2000,10000,conditioned_spd_givens,20946449,0,512,32x32,FP32,ordinary_partial_pivoting_blocked_lu_custom_rank_b_update,-1,100.018,53.3235,1.12659e-08,9.32616e-07,0.000257255,0.00423658,0,400.011,7.3092,0,257.608,16.1372,681.066,26.1496,126.29,3.2847,0,100.02,0.0981,0.8613,12.8
2026-08-23T03:25:07,V1,2000,10000,conditioned_spd_givens,20946449,0,512,32x32,FP32,ordinary_partial_pivoting_serial_pivot_swap,-1,2274.04,2.34532,8.71229e-09,8.30557e-07,0.000195237,0.00250489,0,382.225,7.8838,0,2374.59,22.9398,2787.64,0,0,0,0,0,0,0,12.8
2026-08-23T03:25:11,V2,2000,1e+06,conditioned_spd_givens,20946651,0,512,32x32,FP32,ordinary_partial_pivoting_parallel_pivot_swap,-1,2379.73,2.24115,7.6215e-09,4.91746e-07,0.0131788,0.128172,0,546.934,8.5148,0,2631.2,24.6933,3211.34,0,0,0,0,0,0,0,12.8
2026-08-23T03:25:13,V3,2000,1e+06,conditioned_spd_givens,20946651,0,512,32x32,FP32,ordinary_partial_pivoting_parallel_pivot_swap,-1,497.834,10.7131,7.6215e-09,4.91746e-07,0.0131788,0.128172,0,491.978,8.341,0,743.57,24.2023,1268.09,0,0,0,0,0,0,0,12.8
2026-08-23T03:25:15,V3f,2000,1e+06,conditioned_spd_givens,20946651,0,512,32x32,FP32,ordinary_partial_pivoting_parallel_pivot_swap,-1,343.025,15.5479,7.6215e-09,4.91746e-07,0.0131788,0.128172,0,521.049,9.1395,0,473.824,18.544,1022.56,0,0,0,0,0,0,0,12.8
2026-08-23T03:25:16,V4,2000,1e+06,conditioned_spd_givens,20946651,0,512,32x32,FP32,ordinary_partial_pivoting_cusolver_getrf,-1,29.0038,183.884,1.09947e-08,9.49365e-07,0.0186273,0.199596,0,526.968,9.2738,0,269.6,21.927,827.769,42.2924,192.578,2.7207,0.0257,29.0065,0.1068,1.7197,12.8
2026-08-23T03:25:18,V5a_t32x32,2000,1e+06,conditioned_spd_givens,20946651,0,512,32x32,FP32,ordinary_partial_pivoting_parallel_pivot_swap,-1,601.729,8.86335,7.6215e-09,4.91746e-07,0.0131788,0.128172,0,540.63,9.064,0,864.695,25.3727,1439.76,0,0,0,0,0,0,0,12.8
2026-08-23T03:25:20,V5af_t32x32,2000,1e+06,conditioned_spd_givens,20946651,0,512,32x32,FP32,ordinary_partial_pivoting_parallel_pivot_swap,-1,369.468,14.4352,7.6215e-09,4.91746e-07,0.0131788,0.128172,0,434.549,15.1578,0,494.615,23.5203,967.842,0,0,0,0,0,0,0,12.8
2026-08-23T03:25:22,V5bf_t32x32,2000,1e+06,conditioned_spd_givens,20946651,0,512,32x32,FP32,ordinary_partial_pivoting_parallel_pivot_swap,-1,479.195,11.1298,7.6215e-09,4.91746e-07,0.0131788,0.128172,0,493.639,6.9042,0,619.641,35.38,1155.56,0,0,0,0,0,0,0,12.8
2026-08-23T03:25:23,VLU,2000,1e+06,conditioned_spd_givens,20946651,0,512,32x32,FP32,ordinary_partial_pivoting_custom_lu_parallel_pivot_swap,-1,372.695,14.3102,8.29449e-09,8.12627e-07,0.0266097,0.361558,0,544.505,10.7898,0,502.779,26.5841,1084.66,0,0,0,0,0,0,0,12.8
2026-08-23T03:25:25,V6a_b64,2000,1e+06,conditioned_spd_givens,20946651,0,512,32x32,FP32,ordinary_partial_pivoting_blocked_lu_cublas,-1,186.948,28.5285,1.10618e-08,7.86708e-07,0.0165134,0.202287,0,577.28,11.6313,0,415.679,23.722,1028.31,41.9992,181.34,3.0475,0,186.951,0.1103,0.9632,12.8
2026-08-23T03:25:27,V6b_b64,2000,1e+06,conditioned_spd_givens,20946651,0,512,32x32,FP32,ordinary_partial_pivoting_blocked_lu_cublas_fused_swap,-1,162.228,32.8756,1.10618e-08,7.86708e-07,0.0165134,0.202287,0,562.804,9.1813,0,408.114,25.2634,1005.36,39.613,200.488,3.3057,0,162.232,0.11,1.0678,12.8
2026-08-23T03:25:28,V6c_b64,2000,1e+06,conditioned_spd_givens,20946651,0,512,32x32,FP32,ordinary_partial_pivoting_blocked_lu_cublas_fused_pivot_swap,-1,137.595,38.7611,1.10618e-08,7.86708e-07,0.0165134,0.202287,0,571.869,9.2394,0,383.973,25.6667,990.748,42.1439,196.956,3.9759,0,137.598,0.1226,1.1633,12.8
2026-08-23T03:25:29,V6d_b32,2000,1e+06,conditioned_spd_givens,20946651,0,512,32x32,FP32,ordinary_partial_pivoting_blocked_lu_cublas_adaptive_panel_fused_pivot_swap,-1,101.866,52.3566,1.12398e-08,8.27519e-07,0.0174999,0.22722,0,480.738,7.9715,0,285.828,19.6191,794.157,28.9014,41.9662,3.177,0,101.87,0.1441,1.0983,12.8
2026-08-23T03:25:31,V6e_b64,2000,1e+06,conditioned_spd_givens,20946651,0,512,32x32,FP32,ordinary_partial_pivoting_blocked_lu_cublas_single_panel_deferred_swaps,-1,103.062,51.7489,1.10618e-08,7.86708e-07,0.0165134,0.202287,0,528.928,7.4134,0,323.198,22.6361,882.176,42.4443,172.137,3.3959,0,103.065,0.0977,1.0084,12.8
2026-08-23T03:25:33,V5c_b64,2000,1e+06,conditioned_spd_givens,20946651,0,512,32x32,FP32,ordinary_partial_pivoting_blocked_lu_custom_rank_b_update,-1,125.741,42.4152,1.12194e-08,8.40717e-07,0.0165134,0.202287,0,586.997,11.5302,0,369.345,19.7048,987.577,36.549,201.782,3.3675,0,125.742,0.083,0.8172,12.8
2026-08-23T03:25:38,V1,2000,1e+06,conditioned_spd_givens,20946651,0,512,32x32,FP32,ordinary_partial_pivoting_serial_pivot_swap,-1,2275.97,2.34333,7.6215e-09,4.91746e-07,0.0131788,0.128172,0,541.588,8.4314,0,2412.59,33.1719,2995.78,0,0,0,0,0,0,0,12.8
2026-08-23T03:26:00,V2,4000,100,conditioned_spd_givens,40892247,0,512,32x32,FP32,ordinary_partial_pivoting_parallel_pivot_swap,-1,14558.5,2.93071,1.00719e-08,1.54856e-06,1.8856e-06,3.4523e-05,0,3780.07,41.2108,0,14926.4,96.4603,18844.1,0,0,0,0,0,0,0,12.8
2026-08-23T03:26:06,V3,4000,100,conditioned_spd_givens,40892247,0,512,32x32,FP32,ordinary_partial_pivoting_parallel_pivot_swap,-1,2522.64,16.9135,1.00719e-08,1.54856e-06,1.8856e-06,3.4523e-05,0,2304.86,32.4569,0,2877.9,101.409,5316.62,0,0,0,0,0,0,0,12.8
2026-08-23T03:26:11,V3f,4000,100,conditioned_spd_givens,40892247,0,512,32x32,FP32,ordinary_partial_pivoting_parallel_pivot_swap,-1,2196.92,19.4211,1.00719e-08,1.54856e-06,1.8856e-06,3.4523e-05,0,2399.55,34.2916,0,2365.56,109.728,4909.12,0,0,0,0,0,0,0,12.8
2026-08-23T03:26:15,V4,4000,100,conditioned_spd_givens,40892247,0,512,32x32,FP32,ordinary_partial_pivoting_cusolver_getrf,-1,79.2188,538.593,7.87222e-09,1.35914e-06,3.3736e-06,6.60419e-05,0,2515.08,42.1317,0,528.755,91.9407,3177.9,186.769,241.566,13.4412,0.0477,79.2211,0.1252,2.4746,12.8
2026-08-23T03:26:21,V5a_t32x32,4000,100,conditioned_spd_givens,40892247,0,512,32x32,FP32,ordinary_partial_pivoting_parallel_pivot_swap,-1,2821.02,15.1246,1.00719e-08,1.54856e-06,1.8856e-06,3.4523e-05,0,2490.69,44.0248,0,3219.12,80.8347,5834.67,0,0,0,0,0,0,0,12.8
2026-08-23T03:26:27,V5af_t32x32,4000,100,conditioned_spd_givens,40892247,0,512,32x32,FP32,ordinary_partial_pivoting_parallel_pivot_swap,-1,2459.46,17.348,1.00719e-08,1.54856e-06,1.8856e-06,3.4523e-05,0,2307.42,34.9062,0,2608.61,89.8103,5040.75,0,0,0,0,0,0,0,12.8
2026-08-23T03:26:33,V5bf_t32x32,4000,100,conditioned_spd_givens,40892247,0,512,32x32,FP32,ordinary_partial_pivoting_parallel_pivot_swap,-1,3340.43,12.7728,1.00719e-08,1.54856e-06,1.8856e-06,3.4523e-05,0,2172.83,34.0037,0,3468.48,81.1377,5756.45,0,0,0,0,0,0,0,12.8
2026-08-23T03:26:38,VLU,4000,100,conditioned_spd_givens,40892247,0,512,32x32,FP32,ordinary_partial_pivoting_custom_lu_parallel_pivot_swap,-1,2385.59,17.8852,7.68006e-09,1.26779e-06,3.74017e-06,6.50525e-05,0,2119.02,32.7587,0,2512.38,70.1351,4734.3,0,0,0,0,0,0,0,12.8
2026-08-23T03:26:41,V6a_b64,4000,100,conditioned_spd_givens,40892247,0,512,32x32,FP32,ordinary_partial_pivoting_blocked_lu_cublas,-1,319.967,133.347,7.80529e-09,1.4359e-06,3.02808e-06,6.75917e-05,0,2015.11,34.8063,0,649.577,67.4253,2766.92,163.227,147.332,14.1584,0,319.969,0.0948,0.7903,12.8
2026-08-23T03:26:45,V6b_b64,4000,100,conditioned_spd_givens,40892247,0,512,32x32,FP32,ordinary_partial_pivoting_blocked_lu_cublas_fused_swap,-1,240.056,177.736,7.80529e-09,1.4359e-06,3.02808e-06,6.75917e-05,0,1996.35,31.8514,0,575.55,69.4182,2673.17,167.705,150.791,11.5123,0,240.06,0.0914,1.046,12.8
2026-08-23T03:26:48,V6c_b64,4000,100,conditioned_spd_givens,40892247,0,512,32x32,FP32,ordinary_partial_pivoting_blocked_lu_cublas_fused_pivot_swap,-1,189.199,225.513,7.80529e-09,1.4359e-06,3.02808e-06,6.75917e-05,0,1967.77,27.8333,0,565.257,74.9457,2635.8,149.62,210.318,11.4457,0,189.205,0.0913,0.9484,12.8
2026-08-23T03:26:51,V6d_b32,4000,100,conditioned_spd_givens,40892247,0,512,32x32,FP32,ordinary_partial_pivoting_blocked_lu_cublas_adaptive_panel_fused_pivot_swap,-1,225.038,189.597,7.92328e-09,1.46475e-06,2.91323e-06,6.42538e-05,0,1901.97,28.2521,0,533.968,66.7549,2530.95,160.25,36.2573,10.3815,0,225.052,0.1227,0.9806,12.8
2026-08-23T03:26:54,V6e_b64,4000,100,conditioned_spd_givens,40892247,0,512,32x32,FP32,ordinary_partial_pivoting_blocked_lu_cublas_single_panel_deferred_swaps,-1,302.752,140.929,7.80529e-09,1.4359e-06,3.02808e-06,6.75917e-05,0,1895.45,27.5889,0,607.829,67.5602,2598.43,150.512,138.761,10.2109,0,302.755,0.1031,1.0959,12.8
2026-08-23T03:26:57,V5c_b64,4000,100,conditioned_spd_givens,40892247,0,512,32x32,FP32,ordinary_partial_pivoting_blocked_lu_custom_rank_b_update,-1,347.142,122.909,7.80532e-09,1.42164e-06,3.02706e-06,6.75917e-05,0,1872.16,25.8765,0,591.575,59.0413,2548.65,113.765,116.287,9.8404,0,347.147,0.0723,0.8912,12.8
2026-08-23T03:27:13,V1,4000,100,conditioned_spd_givens,40892247,0,512,32x32,FP32,ordinary_partial_pivoting_serial_pivot_swap,-1,14427.8,2.95726,1.00719e-08,1.54856e-06,1.8856e-06,3.4523e-05,0,1536.62,23.5613,0,14534.2,59.2167,16153.6,0,0,0,0,0,0,0,12.8
2026-08-23T03:27:30,V2,4000,10000,conditioned_spd_givens,40892449,0,512,32x32,FP32,ordinary_partial_pivoting_parallel_pivot_swap,-1,14531.5,2.93615,8.18243e-09,1.05302e-06,0.000167887,0.002617,0,1677.04,23.6401,0,14850.8,65.889,16617.4,0,0,0,0,0,0,0,12.8
2026-08-23T03:27:35,V3,4000,10000,conditioned_spd_givens,40892449,0,512,32x32,FP32,ordinary_partial_pivoting_parallel_pivot_swap,-1,2525.39,16.8951,8.18243e-09,1.05302e-06,0.000167887,0.002617,0,1923.91,28.7814,0,2880.68,95.6878,4929.06,0,0,0,0,0,0,0,12.8
2026-08-23T03:27:41,V3f,4000,10000,conditioned_spd_givens,40892449,0,512,32x32,FP32,ordinary_partial_pivoting_parallel_pivot_swap,-1,2204.3,19.3561,8.18243e-09,1.05302e-06,0.000167887,0.002617,0,2143.39,35.02,0,2333.78,76.2116,4588.4,0,0,0,0,0,0,0,12.8
2026-08-23T03:27:44,V4,4000,10000,conditioned_spd_givens,40892449,0,512,32x32,FP32,ordinary_partial_pivoting_cusolver_getrf,-1,79.3231,537.884,8.22049e-09,1.18899e-06,0.000311061,0.00555718,0,2347.74,35.538,0,469.118,109.676,2962.07,181.329,190.188,11.0859,0.0274,79.3253,0.1287,2.1098,12.8
2026-08-23T03:27:51,V5a_t32x32,4000,10000,conditioned_spd_givens,40892449,0,512,32x32,FP32,ordinary_partial_pivoting_parallel_pivot_swap,-1,2857.87,14.9295,8.18243e-09,1.05302e-06,0.000167887,0.002617,0,2439.41,44.8523,0,3244.2,91.9453,5820.41,0,0,0,0,0,0,0,12.8
2026-08-23T03:27:57,V5af_t32x32,4000,10000,conditioned_spd_givens,40892449,0,512,32x32,FP32,ordinary_partial_pivoting_parallel_pivot_swap,-1,2468.2,17.2865,8.18243e-09,1.05302e-06,0.000167887,0.002617,0,2590.38,34.9929,0,2634.63,98.4279,5358.43,0,0,0,0,0,0,0,12.8
2026-08-23T03:28:03,V5bf_t32x32,4000,10000,conditioned_spd_givens,40892449,0,512,32x32,FP32,ordinary_partial_pivoting_parallel_pivot_swap,-1,3339.77,12.7753,8.18243e-09,1.05302e-06,0.000167887,0.002617,0,2462.38,38.1256,0,3489.32,94.2866,6084.11,0,0,0,0,0,0,0,12.8
2026-08-23T03:28:09,VLU,4000,10000,conditioned_spd_givens,40892449,0,512,32x32,FP32,ordinary_partial_pivoting_custom_lu_parallel_pivot_swap,-1,2385.87,17.8831,6.95927e-09,1.12449e-06,0.00040562,0.00859427,0,2296.87,31.6212,0,2532.49,81.6409,4942.62,0,0,0,0,0,0,0,12.8
2026-08-23T03:28:12,V6a_b64,4000,10000,conditioned_spd_givens,40892449,0,512,32x32,FP32,ordinary_partial_pivoting_blocked_lu_cublas,-1,329.54,129.474,8.0288e-09,1.12677e-06,0.000279079,0.00540526,0,2184.55,33.018,0,692.862,72.8249,2983.25,154.48,192.683,10.9615,0,329.545,0.093,0.8998,12.8
2026-08-23T03:28:16,V6b_b64,4000,10000,conditioned_spd_givens,40892449,0,512,32x32,FP32,ordinary_partial_pivoting_blocked_lu_cublas_fused_swap,-1,246.578,173.035,8.0288e-09,1.12677e-06,0.000279079,0.00540526,0,2142.63,29.1019,0,609.285,71.7987,2852.82,170.313,174.318,10.8611,0,246.6,0.181,2.6213,12.8
2026-08-23T03:28:19,V6c_b64,4000,10000,conditioned_spd_givens,40892449,0,512,32x32,FP32,ordinary_partial_pivoting_blocked_lu_cublas_fused_pivot_swap,-1,205.31,207.816,8.0288e-09,1.12677e-06,0.000279079,0.00540526,0,2168.12,33.9279,0,548.493,82.8699,2833.41,159.585,166.693,10.6268,0,205.313,0.1098,1.0065,12.8
2026-08-23T03:28:22,V6d_b32,4000,10000,conditioned_spd_givens,40892449,0,512,32x32,FP32,ordinary_partial_pivoting_blocked_lu_cublas_adaptive_panel_fused_pivot_swap,-1,225.508,189.203,8.18146e-09,1.24367e-06,0.000276378,0.00574918,0,2036.4,29.0844,0,591.852,81.875,2739.21,169.409,44.4166,12.9497,0,225.51,0.0984,0.9353,12.8
2026-08-23T03:28:26,V6e_b64,4000,10000,conditioned_spd_givens,40892449,0,512,32x32,FP32,ordinary_partial_pivoting_blocked_lu_cublas_single_panel_deferred_swaps,-1,299.471,142.474,8.0288e-09,1.12677e-06,0.000279079,0.00540526,0,2098.81,31.6089,0,633.755,79.3752,2843.55,147.305,171.655,10.3544,0,299.475,0.1152,1.2065,12.8
2026-08-23T03:28:29,V5c_b64,4000,10000,conditioned_spd_givens,40892449,0,512,32x32,FP32,ordinary_partial_pivoting_blocked_lu_custom_rank_b_update,-1,316.692,134.726,8.08866e-09,1.20022e-06,0.000279077,0.00540526,0,1764.23,24.0698,0,573.547,56.5404,2418.38,111.903,131.011,9.9477,0,316.698,0.0882,0.794,12.8
2026-08-23T03:28:45,V1,4000,10000,conditioned_spd_givens,40892449,0,512,32x32,FP32,ordinary_partial_pivoting_serial_pivot_swap,-1,14414.2,2.96005,8.18243e-09,1.05302e-06,0.000167887,0.002617,0,1538.12,27.5418,0,14531,56.7646,16153.4,0,0,0,0,0,0,0,12.8
2026-08-23T03:29:02,V2,4000,1e+06,conditioned_spd_givens,40892651,0,512,32x32,FP32,ordinary_partial_pivoting_parallel_pivot_swap,-1,14563.1,2.92978,7.43766e-09,8.761e-07,0.0150119,0.218441,0,1639.28,23.7255,0,14886.2,70.4817,16619.7,0,0,0,0,0,0,0,12.8
2026-08-23T03:29:07,V3,4000,1e+06,conditioned_spd_givens,40892651,0,512,32x32,FP32,ordinary_partial_pivoting_parallel_pivot_swap,-1,2498.94,17.0739,7.43766e-09,8.761e-07,0.0150119,0.218441,0,1907.28,28.4603,0,2828.01,84.6858,4848.44,0,0,0,0,0,0,0,12.8
2026-08-23T03:29:13,V3f,4000,1e+06,conditioned_spd_givens,40892651,0,512,32x32,FP32,ordinary_partial_pivoting_parallel_pivot_swap,-1,2190.45,19.4785,7.43766e-09,8.761e-07,0.0150119,0.218441,0,2172.93,38.8607,0,2370.5,86.4885,4668.78,0,0,0,0,0,0,0,12.8
2026-08-23T03:29:16,V4,4000,1e+06,conditioned_spd_givens,40892651,0,512,32x32,FP32,ordinary_partial_pivoting_cusolver_getrf,-1,81.8484,521.289,8.08083e-09,1.45979e-06,0.0250256,0.445438,0,2335.75,32.792,0,491.11,82.5642,2942.22,186.422,202.235,13.6308,0.0462,81.8495,0.1045,2.1932,12.8
2026-08-23T03:29:23,V5a_t32x32,4000,1e+06,conditioned_spd_givens,40892651,0,512,32x32,FP32,ordinary_partial_pivoting_parallel_pivot_swap,-1,2847.23,14.9853,7.43766e-09,8.761e-07,0.0150119,0.218441,0,2607.64,42.8699,0,3277.91,86.5187,6014.94,0,0,0,0,0,0,0,12.8
2026-08-23T03:29:29,V5af_t32x32,4000,1e+06,conditioned_spd_givens,40892651,0,512,32x32,FP32,ordinary_partial_pivoting_parallel_pivot_swap,-1,2476.66,17.2275,7.43766e-09,8.761e-07,0.0150119,0.218441,0,2690.77,50.643,0,2678.06,99.8694,5519.35,0,0,0,0,0,0,0,12.8
2026-08-23T03:29:36,V5bf_t32x32,4000,1e+06,conditioned_spd_givens,40892651,0,512,32x32,FP32,ordinary_partial_pivoting_parallel_pivot_swap,-1,3335.61,12.7912,7.43766e-09,8.761e-07,0.0150119,0.218441,0,2641.98,35.3971,0,3541.14,95.9732,6314.5,0,0,0,0,0,0,0,12.8
2026-08-23T03:29:41,VLU,4000,1e+06,conditioned_spd_givens,40892651,0,512,32x32,FP32,ordinary_partial_pivoting_custom_lu_parallel_pivot_swap,-1,2418.31,17.6432,6.51276e-09,1.46183e-06,0.032188,0.824308,0,2438.39,33.6153,0,2569.33,93.35,5134.69,0,0,0,0,0,0,0,12.8
2026-08-23T03:29:45,V6a_b64,4000,1e+06,conditioned_spd_givens,40892651,0,512,32x32,FP32,ordinary_partial_pivoting_blocked_lu_cublas,-1,337.291,126.498,8.44972e-09,1.02129e-06,0.0223017,0.411233,0,2341.18,35.898,0,691.076,73.5688,3141.72,170.93,163.2,14.1214,0,337.293,0.1278,1.0314,12.8
2026-08-23T03:29:48,V6b_b64,4000,1e+06,conditioned_spd_givens,40892651,0,512,32x32,FP32,ordinary_partial_pivoting_blocked_lu_cublas_fused_swap,-1,271.552,157.122,8.44972e-09,1.02129e-06,0.0223017,0.411233,0,2175.86,33.9748,0,641.833,75.2339,2926.9,163.747,187.047,13.3294,0,271.575,0.1138,1.0937,12.8
2026-08-23T03:29:52,V6c_b64,4000,1e+06,conditioned_spd_givens,40892651,0,512,32x32,FP32,ordinary_partial_pivoting_blocked_lu_cublas_fused_pivot_swap,-1,212.201,201.067,8.44972e-09,1.02129e-06,0.0223017,0.411233,0,2163.63,32.2133,0,559.782,70.4726,2826.1,153.164,178.346,10.6464,0,212.205,0.0995,0.9742,12.8
2026-08-23T03:29:55,V6d_b32,4000,1e+06,conditioned_spd_givens,40892651,0,512,32x32,FP32,ordinary_partial_pivoting_blocked_lu_cublas_adaptive_panel_fused_pivot_swap,-1,220.697,193.327,7.86462e-09,9.44883e-07,0.0209923,0.438251,0,2081.4,30.5063,0,563.523,77.3756,2752.8,161.625,48.2118,13.3032,0,220.698,0.11,1.2205,12.8
2026-08-23T03:29:58,V6e_b64,4000,1e+06,conditioned_spd_givens,40892651,0,512,32x32,FP32,ordinary_partial_pivoting_blocked_lu_cublas_single_panel_deferred_swaps,-1,291.886,146.176,8.44972e-09,1.02129e-06,0.0223017,0.411233,0,2039.33,28.8108,0,622.974,68.1163,2759.23,158.585,155.582,11.0969,0,291.913,0.1136,1.0939,12.8
2026-08-23T03:30:01,V5c_b64,4000,1e+06,conditioned_spd_givens,40892651,0,512,32x32,FP32,ordinary_partial_pivoting_blocked_lu_custom_rank_b_update,-1,311.517,136.964,8.4712e-09,1.03011e-06,0.0223017,0.411233,0,1814.8,22.1395,0,561.004,57.5769,2455.52,112.791,122.522,10.2407,0,311.522,0.1197,0.7192,12.8
2026-08-23T03:30:17,V1,4000,1e+06,conditioned_spd_givens,40892651,0,512,32x32,FP32,ordinary_partial_pivoting_serial_pivot_swap,-1,14411.1,2.96068,7.43766e-09,8.761e-07,0.0150119,0.218441,0,1541.8,23.382,0,14518.1,74.3145,16157.6,0,0,0,0,0,0,0,12.8
2026-08-23T03:30:19,V3,2000,100,conditioned_spd_givens,21946250,0,512,32x32,FP32,ordinary_partial_pivoting_parallel_pivot_swap,-1,407.463,13.0891,1.14046e-08,8.90406e-07,2.89467e-06,2.74539e-05,0,374.651,9.2205,0,605.603,15.9348,1005.41,0,0,0,0,0,0,0,12.8
2026-08-23T03:30:20,V3f,2000,100,conditioned_spd_givens,21946250,0,512,32x32,FP32,ordinary_partial_pivoting_parallel_pivot_swap,-1,316.407,16.856,1.14046e-08,8.90406e-07,2.89467e-06,2.74539e-05,0,372.473,6.2085,0,412.413,14.7554,805.849,0,0,0,0,0,0,0,12.8
2026-08-23T03:30:21,V4,2000,100,conditioned_spd_givens,21946250,0,512,32x32,FP32,ordinary_partial_pivoting_cusolver_getrf,-1,25.0855,212.606,1.21093e-08,1.28866e-06,5.17502e-06,0.000101721,0,342.333,6.0801,0,183.217,15.9171,547.547,29.11,124.132,2.4337,0.0167,25.0893,0.0685,1.3952,12.8
2026-08-23T03:30:22,V5a_t32x32,2000,100,conditioned_spd_givens,21946250,0,512,32x32,FP32,ordinary_partial_pivoting_parallel_pivot_swap,-1,493.66,10.8037,1.14046e-08,8.90406e-07,2.89467e-06,2.74539e-05,0,354.58,6.745,0,701.241,16.9921,1079.56,0,0,0,0,0,0,0,12.8
2026-08-23T03:30:23,V5af_t32x32,2000,100,conditioned_spd_givens,21946250,0,512,32x32,FP32,ordinary_partial_pivoting_parallel_pivot_swap,-1,358.511,14.8764,1.14046e-08,8.90406e-07,2.89467e-06,2.74539e-05,0,339.691,7.2511,0,456.526,24.4923,827.961,0,0,0,0,0,0,0,12.8
2026-08-23T03:30:25,V5bf_t32x32,2000,100,conditioned_spd_givens,21946250,0,512,32x32,FP32,ordinary_partial_pivoting_parallel_pivot_swap,-1,517.699,10.302,1.14046e-08,8.90406e-07,2.89467e-06,2.74539e-05,0,353.08,6.7752,0,615.905,15.6005,991.361,0,0,0,0,0,0,0,12.8
2026-08-23T03:30:26,VLU,2000,100,conditioned_spd_givens,21946250,0,512,32x32,FP32,ordinary_partial_pivoting_custom_lu_parallel_pivot_swap,-1,377.635,14.123,1.09047e-08,1.87381e-06,7.97838e-06,0.000112677,0,352.457,7.59,0,491.712,15.6298,867.389,0,0,0,0,0,0,0,12.8
2026-08-23T03:30:27,V6a_b64,2000,100,conditioned_spd_givens,21946250,0,512,32x32,FP32,ordinary_partial_pivoting_blocked_lu_cublas,-1,238.155,22.3944,1.18072e-08,1.39896e-06,4.55695e-06,9.17077e-05,0,362.813,6.6456,0,405.618,15.7354,790.811,26.9074,134.9,3.6474,0,238.181,0.1208,0.9251,12.8
2026-08-23T03:30:28,V6b_b64,2000,100,conditioned_spd_givens,21946250,0,512,32x32,FP32,ordinary_partial_pivoting_blocked_lu_cublas_fused_swap,-1,101.626,52.4802,1.18072e-08,1.39896e-06,4.55695e-06,9.17077e-05,0,364.246,8.5941,0,262.226,35.7513,670.817,28.4211,127.707,2.7101,0,101.629,0.0793,0.738,12.8
2026-08-23T03:30:30,V6c_b64,2000,100,conditioned_spd_givens,21946250,0,512,32x32,FP32,ordinary_partial_pivoting_blocked_lu_cublas_fused_pivot_swap,-1,79.915,66.7375,1.18072e-08,1.39896e-06,4.55695e-06,9.17077e-05,0,391.095,6.5921,0,245.284,18.6378,661.609,25.6137,133.888,3.6195,0,79.9198,0.1301,1.1075,12.8
2026-08-23T03:30:31,V6d_b32,2000,100,conditioned_spd_givens,21946250,0,512,32x32,FP32,ordinary_partial_pivoting_blocked_lu_cublas_adaptive_panel_fused_pivot_swap,-1,87.6298,60.8621,1.20781e-08,1.3114e-06,4.45777e-06,9.34958e-05,0,365.356,6.7207,0,262.085,16.8015,650.963,24.3874,34.0655,2.7828,0,87.6358,0.131,0.8586,12.8
2026-08-23T03:30:32,V6e_b64,2000,100,conditioned_spd_givens,21946250,0,512,32x32,FP32,ordinary_partial_pivoting_blocked_lu_cublas_single_panel_deferred_swaps,-1,101.27,52.6644,1.18072e-08,1.39896e-06,4.55695e-06,9.17077e-05,0,367.549,7.0047,0,267.498,17.5375,659.59,27.4942,133.574,3.1459,0,101.275,0.0959,0.8512,12.8
2026-08-23T03:30:33,V5c_b64,2000,100,conditioned_spd_givens,21946250,0,512,32x32,FP32,ordinary_partial_pivoting_blocked_lu_custom_rank_b_update,-1,89.1576,59.8191,1.18075e-08,1.40419e-06,4.55363e-06,9.17077e-05,0,370.897,7.0191,0,252.23,19.8154,649.961,27.8583,130.69,2.6897,0,89.1614,0.0861,0.8264,12.8
2026-08-23T03:30:36,V1,2000,100,conditioned_spd_givens,21946250,0,512,32x32,FP32,ordinary_partial_pivoting_serial_pivot_swap,-1,2273.8,2.34556,1.14046e-08,8.90406e-07,2.89467e-06,2.74539e-05,0,372.659,7.2159,0,2378.23,19.5059,2777.62,0,0,0,0,0,0,0,12.8
2026-08-23T03:30:40,V2,2000,100,conditioned_spd_givens,21946250,0,512,32x32,FP32,ordinary_partial_pivoting_parallel_pivot_swap,-1,2331.8,2.28722,1.14046e-08,8.90406e-07,2.89467e-06,2.74539e-05,0,382.022,8.625,0,2530.98,17.3474,2938.97,0,0,0,0,0,0,0,12.8
2026-08-23T03:30:41,V3,2000,10000,conditioned_spd_givens,21946452,0,512,32x32,FP32,ordinary_partial_pivoting_parallel_pivot_swap,-1,508.32,10.4921,9.29294e-09,7.52296e-07,0.000148023,0.00150802,0,395.581,7.841,0,756.363,20.2073,1179.99,0,0,0,0,0,0,0,12.8
2026-08-23T03:30:43,V3f,2000,10000,conditioned_spd_givens,21946452,0,512,32x32,FP32,ordinary_partial_pivoting_parallel_pivot_swap,-1,320.927,16.6185,9.29294e-09,7.52296e-07,0.000148023,0.00150802,0,400.117,8.6962,0,423.637,17.4555,849.906,0,0,0,0,0,0,0,12.8
2026-08-23T03:30:44,V4,2000,10000,conditioned_spd_givens,21946452,0,512,32x32,FP32,ordinary_partial_pivoting_cusolver_getrf,-1,35.8976,148.571,1.20982e-08,1.10658e-06,0.000341862,0.00392104,0,396.618,7.7254,0,215.461,19.6001,639.404,26.7199,146.197,2.9491,0.0233,35.8925,0.149,2.2336,12.8
2026-08-23T03:30:46,V5a_t32x32,2000,10000,conditioned_spd_givens,21946452,0,512,32x32,FP32,ordinary_partial_pivoting_parallel_pivot_swap,-1,587.828,9.07295,9.29294e-09,7.52296e-07,0.000148023,0.00150802,0,397.27,9.913,0,855.631,20.2826,1283.1,0,0,0,0,0,0,0,12.8
2026-08-23T03:30:47,V5af_t32x32,2000,10000,conditioned_spd_givens,21946452,0,512,32x32,FP32,ordinary_partial_pivoting_parallel_pivot_swap,-1,368.749,14.4633,9.29294e-09,7.52296e-07,0.000148023,0.00150802,0,455.143,7.4207,0,477.548,23.2568,963.369,0,0,0,0,0,0,0,12.8
2026-08-23T03:30:49,V5bf_t32x32,2000,10000,conditioned_spd_givens,21946452,0,512,32x32,FP32,ordinary_partial_pivoting_parallel_pivot_swap,-1,469.728,11.3541,9.29294e-09,7.52296e-07,0.000148023,0.00150802,0,416.351,8.4325,0,596.505,18.3256,1039.61,0,0,0,0,0,0,0,12.8
2026-08-23T03:30:50,VLU,2000,10000,conditioned_spd_givens,21946452,0,512,32x32,FP32,ordinary_partial_pivoting_custom_lu_parallel_pivot_swap,-1,374.196,14.2528,9.68113e-09,1.44858e-06,0.000480685,0.00618427,0,466.321,8.0574,0,479.12,18.988,972.487,0,0,0,0,0,0,0,12.8
2026-08-23T03:30:52,V6a_b64,2000,10000,conditioned_spd_givens,21946452,0,512,32x32,FP32,ordinary_partial_pivoting_blocked_lu_cublas,-1,152.933,34.8736,1.11591e-08,9.13045e-07,0.000271814,0.00357773,0,416.156,8.9041,0,331.225,22.1097,778.396,27.9335,144.774,3.3864,0,152.936,0.1087,1.0613,12.8
2026-08-23T03:30:53,V6b_b64,2000,10000,conditioned_spd_givens,21946452,0,512,32x32,FP32,ordinary_partial_pivoting_blocked_lu_cublas_fused_swap,-1,148.72,35.8616,1.11591e-08,9.13045e-07,0.000271814,0.00357773,0,413.007,8.6628,0,325.273,18.455,765.398,27.8097,143.505,2.9996,0,148.724,0.1029,0.975,12.8
2026-08-23T03:30:54,V6c_b64,2000,10000,conditioned_spd_givens,21946452,0,512,32x32,FP32,ordinary_partial_pivoting_blocked_lu_cublas_fused_pivot_swap,-1,105.104,50.7432,1.11591e-08,9.13045e-07,0.000271814,0.00357773,0,425.022,8.9114,0,309.796,20.2205,763.95,30.383,167.657,3.9431,0,105.107,0.1203,1.1864,12.8
2026-08-23T03:30:55,V6d_b32,2000,10000,conditioned_spd_givens,21946452,0,512,32x32,FP32,ordinary_partial_pivoting_blocked_lu_cublas_adaptive_panel_fused_pivot_swap,-1,116.446,45.801,1.08893e-08,8.96437e-07,0.000257956,0.00355263,0,423.84,8.8996,0,330.059,18.7629,781.562,33.0562,39.8875,3.6511,0,116.448,0.1475,0.9678,12.8
2026-08-23T03:30:56,V6e_b64,2000,10000,conditioned_spd_givens,21946452,0,512,32x32,FP32,ordinary_partial_pivoting_blocked_lu_cublas_single_panel_deferred_swaps,-1,103.756,51.4025,1.11591e-08,9.13045e-07,0.000271814,0.00357773,0,446.315,10.123,0,290.086,22.2876,768.812,28.596,151.818,3.6668,0,103.757,0.1233,1.0387,12.8
2026-08-23T03:30:58,V5c_b64,2000,10000,conditioned_spd_givens,21946452,0,512,32x32,FP32,ordinary_partial_pivoting_blocked_lu_custom_rank_b_update,-1,110.737,48.1622,1.11557e-08,9.16126e-07,0.000271817,0.00357785,0,472.495,8.9317,0,309.455,19.9375,810.819,29.8914,162.643,3.7401,0,110.738,0.108,0.9831,12.8
2026-08-23T03:31:01,V1,2000,10000,conditioned_spd_givens,21946452,0,512,32x32,FP32,ordinary_partial_pivoting_serial_pivot_swap,-1,2290.41,2.32855,9.29294e-09,7.52296e-07,0.000148023,0.00150802,0,454.792,9.9537,0,2406.47,20.9407,2892.16,0,0,0,0,0,0,0,12.8
2026-08-23T03:31:05,V2,2000,10000,conditioned_spd_givens,21946452,0,512,32x32,FP32,ordinary_partial_pivoting_parallel_pivot_swap,-1,2369.65,2.25069,9.29294e-09,7.52296e-07,0.000148023,0.00150802,0,530.682,8.0658,0,2602.08,19.3996,3160.23,0,0,0,0,0,0,0,12.8
2026-08-23T03:31:07,V3,2000,1e+06,conditioned_spd_givens,21946654,0,512,32x32,FP32,ordinary_partial_pivoting_parallel_pivot_swap,-1,508.456,10.4893,7.94273e-09,6.34893e-07,0.0155219,0.188619,0,490.203,8.2934,0,741.972,26.0515,1266.52,0,0,0,0,0,0,0,12.8
2026-08-23T03:31:08,V3f,2000,1e+06,conditioned_spd_givens,21946654,0,512,32x32,FP32,ordinary_partial_pivoting_parallel_pivot_swap,-1,346.558,15.3894,7.94273e-09,6.34893e-07,0.0155219,0.188619,0,542.367,8.3965,0,473.789,28.4901,1053.04,0,0,0,0,0,0,0,12.8
2026-08-23T03:31:09,V4,2000,1e+06,conditioned_spd_givens,21946654,0,512,32x32,FP32,ordinary_partial_pivoting_cusolver_getrf,-1,28.3429,188.172,1.05197e-08,7.80853e-07,0.0260128,0.366423,0,499.278,8.0816,0,262.168,20.1885,789.717,34.5018,192.401,3.5847,0.0303,28.346,0.1538,1.9892,12.8
2026-08-23T03:31:11,V5a_t32x32,2000,1e+06,conditioned_spd_givens,21946654,0,512,32x32,FP32,ordinary_partial_pivoting_parallel_pivot_swap,-1,548.711,9.71976,7.94273e-09,6.34893e-07,0.0155219,0.188619,0,485.642,9.6908,0,789.02,19.5383,1303.89,0,0,0,0,0,0,0,12.8
2026-08-23T03:31:13,V5af_t32x32,2000,1e+06,conditioned_spd_givens,21946654,0,512,32x32,FP32,ordinary_partial_pivoting_parallel_pivot_swap,-1,374.684,14.2342,7.94273e-09,6.34893e-07,0.0155219,0.188619,0,473.273,8.2171,0,496.738,19.8732,998.102,0,0,0,0,0,0,0,12.8
2026-08-23T03:31:14,V5bf_t32x32,2000,1e+06,conditioned_spd_givens,21946654,0,512,32x32,FP32,ordinary_partial_pivoting_parallel_pivot_swap,-1,475.415,11.2183,7.94273e-09,6.34893e-07,0.0155219,0.188619,0,468.01,8.0216,0,622.122,20.5907,1118.74,0,0,0,0,0,0,0,12.8
2026-08-23T03:31:16,VLU,2000,1e+06,conditioned_spd_givens,21946654,0,512,32x32,FP32,ordinary_partial_pivoting_custom_lu_parallel_pivot_swap,-1,377.377,14.1326,8.31162e-09,7.38058e-07,0.0243904,0.316728,0,474.067,8.9215,0,493.644,25.9282,1002.56,0,0,0,0,0,0,0,12.8
2026-08-23T03:31:17,V6a_b64,2000,1e+06,conditioned_spd_givens,21946654,0,512,32x32,FP32,ordinary_partial_pivoting_blocked_lu_cublas,-1,156.43,34.0941,1.04315e-08,9.87325e-07,0.0213707,0.347093,0,453.6,10.4574,0,374.445,18.8315,857.334,30.3658,181.78,3.3032,0,156.433,0.0956,1.0005,12.8
2026-08-23T03:31:19,V6b_b64,2000,1e+06,conditioned_spd_givens,21946654,0,512,32x32,FP32,ordinary_partial_pivoting_blocked_lu_cublas_fused_swap,-1,128.375,41.5449,1.04315e-08,9.87325e-07,0.0213707,0.347093,0,503.129,14.0426,0,345.879,18.9689,882.019,40.1709,171.42,3.8193,0,128.377,0.1162,0.8787,12.8
2026-08-23T03:31:20,V6c_b64,2000,1e+06,conditioned_spd_givens,21946654,0,512,32x32,FP32,ordinary_partial_pivoting_blocked_lu_cublas_fused_pivot_swap,-1,94.1182,56.6663,1.04315e-08,9.87325e-07,0.0213707,0.347093,0,484.837,9.1009,0,290.393,18.1724,802.503,33.5829,157.131,3.3556,0,94.1231,0.1243,0.9682,12.8
2026-08-23T03:31:21,V6d_b32,2000,1e+06,conditioned_spd_givens,21946654,0,512,32x32,FP32,ordinary_partial_pivoting_blocked_lu_cublas_adaptive_panel_fused_pivot_swap,-1,109.038,48.9128,1.05605e-08,8.51353e-07,0.0214417,0.310013,0,446.945,8.9274,0,293.34,23.7035,772.916,29.8255,38.8283,3.0334,0,109.04,0.1583,1.1489,12.8
2026-08-23T03:31:22,V6e_b64,2000,1e+06,conditioned_spd_givens,21946654,0,512,32x32,FP32,ordinary_partial_pivoting_blocked_lu_cublas_single_panel_deferred_swaps,-1,102.331,52.1186,1.04315e-08,9.87325e-07,0.0213707,0.347093,0,442.27,8.6707,0,281.151,19.8932,751.985,28.678,145.043,2.8816,0,102.337,0.1087,1.0009,12.8
2026-08-23T03:31:23,V5c_b64,2000,1e+06,conditioned_spd_givens,21946654,0,512,32x32,FP32,ordinary_partial_pivoting_blocked_lu_custom_rank_b_update,-1,103.981,51.2914,1.03662e-08,9.83901e-07,0.0213707,0.347093,0,415.827,7.5123,0,277.902,17.95,719.191,27.8453,139.647,3.703,0,103.984,0.1611,1.2641,12.8
2026-08-23T03:31:27,V1,2000,1e+06,conditioned_spd_givens,21946654,0,512,32x32,FP32,ordinary_partial_pivoting_serial_pivot_swap,-1,2288.18,2.33082,7.94273e-09,6.34893e-07,0.0155219,0.188619,0,419.572,8.2471,0,2396.6,20.1908,2844.61,0,0,0,0,0,0,0,12.8
2026-08-23T03:31:30,V2,2000,1e+06,conditioned_spd_givens,21946654,0,512,32x32,FP32,ordinary_partial_pivoting_parallel_pivot_swap,-1,2358.33,2.26149,7.94273e-09,6.34893e-07,0.0155219,0.188619,0,416.926,8.2355,0,2577.65,17.9965,3020.81,0,0,0,0,0,0,0,12.8
2026-08-23T03:31:36,V3,4000,100,conditioned_spd_givens,41892250,0,512,32x32,FP32,ordinary_partial_pivoting_parallel_pivot_swap,-1,2532.78,16.8458,1.00632e-08,1.55854e-06,2.33615e-06,3.79086e-05,0,1988.77,28.8944,0,2938.87,69.0976,5025.63,0,0,0,0,0,0,0,12.8
2026-08-23T03:31:41,V3f,4000,100,conditioned_spd_givens,41892250,0,512,32x32,FP32,ordinary_partial_pivoting_parallel_pivot_swap,-1,2186.75,19.5114,1.00632e-08,1.55854e-06,2.33615e-06,3.79086e-05,0,1941.61,26.2987,0,2315.76,72.6792,4356.35,0,0,0,0,0,0,0,12.8
2026-08-23T03:31:43,V4,4000,100,conditioned_spd_givens,41892250,0,512,32x32,FP32,ordinary_partial_pivoting_cusolver_getrf,-1,77.6158,549.716,7.99417e-09,1.44646e-06,4.03959e-06,7.03335e-05,0,1898.81,27.9648,0,416.284,64.6216,2407.68,158.953,162.914,10.832,0.0304,77.6193,0.1208,2.077,12.8
2026-08-23T03:31:49,V5a_t32x32,4000,100,conditioned_spd_givens,41892250,0,512,32x32,FP32,ordinary_partial_pivoting_parallel_pivot_swap,-1,2695.4,15.8294,1.00632e-08,1.55854e-06,2.33615e-06,3.79086e-05,0,1888.22,27.0248,0,3005.16,64.4415,4984.85,0,0,0,0,0,0,0,12.8
2026-08-23T03:31:54,V5af_t32x32,4000,100,conditioned_spd_givens,41892250,0,512,32x32,FP32,ordinary_partial_pivoting_parallel_pivot_swap,-1,2496.78,17.0887,1.00632e-08,1.55854e-06,2.33615e-06,3.79086e-05,0,1876.56,26.1265,0,2617.7,74.6278,4595.02,0,0,0,0,0,0,0,12.8
2026-08-23T03:32:00,V5bf_t32x32,4000,100,conditioned_spd_givens,41892250,0,512,32x32,FP32,ordinary_partial_pivoting_parallel_pivot_swap,-1,3324.83,12.8328,1.00632e-08,1.55854e-06,2.33615e-06,3.79086e-05,0,1778.83,28.0045,0,3445.17,61.4018,5313.4,0,0,0,0,0,0,0,12.8
2026-08-23T03:32:04,VLU,4000,100,conditioned_spd_givens,41892250,0,512,32x32,FP32,ordinary_partial_pivoting_custom_lu_parallel_pivot_swap,-1,2388.99,17.8597,8.24846e-09,3.16967e-06,6.31702e-06,0.000183988,0,1791.72,25.6618,0,2531.21,69.2181,4417.81,0,0,0,0,0,0,0,12.8
2026-08-23T03:32:07,V6a_b64,4000,100,conditioned_spd_givens,41892250,0,512,32x32,FP32,ordinary_partial_pivoting_blocked_lu_cublas,-1,291.624,146.307,7.95957e-09,1.38495e-06,3.68212e-06,5.81384e-05,0,1793.69,29.3332,0,601.691,63.8839,2488.59,140.146,154.941,10.2454,0,291.626,0.0946,0.9146,12.8
2026-08-23T03:32:10,V6b_b64,4000,100,conditioned_spd_givens,41892250,0,512,32x32,FP32,ordinary_partial_pivoting_blocked_lu_cublas_fused_swap,-1,229.626,185.809,7.95957e-09,1.38495e-06,3.68212e-06,5.81384e-05,0,1883.42,24.5025,0,522.89,66.2973,2497.11,143.128,133.832,11.4364,0,229.632,0.0877,0.7704,12.8
2026-08-23T03:32:13,V6c_b64,4000,100,conditioned_spd_givens,41892250,0,512,32x32,FP32,ordinary_partial_pivoting_blocked_lu_cublas_fused_pivot_swap,-1,184.353,231.44,7.95957e-09,1.38495e-06,3.68212e-06,5.81384e-05,0,1862.02,26.3756,0,489.776,64.0576,2442.23,135.888,153.507,10.5036,0,184.359,0.109,1.0168,12.8
2026-08-23T03:32:16,V6d_b32,4000,100,conditioned_spd_givens,41892250,0,512,32x32,FP32,ordinary_partial_pivoting_blocked_lu_cublas_adaptive_panel_fused_pivot_swap,-1,210.166,203.014,8.00086e-09,1.42052e-06,3.68767e-06,5.93305e-05,0,1869.64,30.6629,0,507.555,67.8097,2475.67,148.427,35.0674,10.151,0,210.168,0.0993,1.0613,12.8
2026-08-23T03:32:19,V6e_b64,4000,100,conditioned_spd_givens,41892250,0,512,32x32,FP32,ordinary_partial_pivoting_blocked_lu_cublas_single_panel_deferred_swaps,-1,315.162,135.38,7.95957e-09,1.38495e-06,3.68212e-06,5.81384e-05,0,1940.81,27.982,0,675.634,72.8003,2717.23,147.883,195.352,11.3985,0,315.167,0.1498,1.2011,12.8
2026-08-23T03:32:22,V5c_b64,4000,100,conditioned_spd_givens,41892250,0,512,32x32,FP32,ordinary_partial_pivoting_blocked_lu_custom_rank_b_update,-1,339.464,125.688,7.94817e-09,1.38491e-06,3.68213e-06,5.81384e-05,0,2006.5,28.9347,0,658.703,65.3699,2759.5,157.571,143.711,12.5498,0,339.464,0.1353,1.2712,12.8
2026-08-23T03:32:39,V1,4000,100,conditioned_spd_givens,41892250,0,512,32x32,FP32,ordinary_partial_pivoting_serial_pivot_swap,-1,14434.3,2.95592,1.00632e-08,1.55854e-06,2.33615e-06,3.79086e-05,0,1876.36,27.8011,0,14555.4,82.2901,16541.9,0,0,0,0,0,0,0,12.8
2026-08-23T03:32:57,V2,4000,100,conditioned_spd_givens,41892250,0,512,32x32,FP32,ordinary_partial_pivoting_parallel_pivot_swap,-1,14572.4,2.92791,1.00632e-08,1.55854e-06,2.33615e-06,3.79086e-05,0,1958.77,32.4984,0,14913.9,110.899,17016.1,0,0,0,0,0,0,0,12.8
2026-08-23T03:33:03,V3,4000,10000,conditioned_spd_givens,41892452,0,512,32x32,FP32,ordinary_partial_pivoting_parallel_pivot_swap,-1,2517.97,16.9449,8.12834e-09,8.98266e-07,0.000173719,0.00243843,0,2165.35,36.7897,0,2861.28,76.4885,5139.91,0,0,0,0,0,0,0,12.8
2026-08-23T03:33:08,V3f,4000,10000,conditioned_spd_givens,41892452,0,512,32x32,FP32,ordinary_partial_pivoting_parallel_pivot_swap,-1,2264.88,18.8384,8.12834e-09,8.98266e-07,0.000173719,0.00243843,0,2271.74,32.3233,0,2441.23,101.142,4846.44,0,0,0,0,0,0,0,12.8
2026-08-23T03:33:12,V4,4000,10000,conditioned_spd_givens,41892452,0,512,32x32,FP32,ordinary_partial_pivoting_cusolver_getrf,-1,83.3228,512.065,8.7017e-09,1.46688e-06,0.0002852,0.00523195,0,2775.19,38.387,0,498.19,130.869,3442.63,200.51,192.364,13.9765,0.039,83.3255,0.1543,2.5936,12.8
2026-08-23T03:33:18,V5a_t32x32,4000,10000,conditioned_spd_givens,41892452,0,512,32x32,FP32,ordinary_partial_pivoting_parallel_pivot_swap,-1,2773.64,15.3829,8.12834e-09,8.98266e-07,0.000173719,0.00243843,0,2287.86,36.3555,0,3132.72,87.0388,5543.98,0,0,0,0,0,0,0,12.8
2026-08-23T03:33:24,V5af_t32x32,4000,10000,conditioned_spd_givens,41892452,0,512,32x32,FP32,ordinary_partial_pivoting_parallel_pivot_swap,-1,2444.14,17.4567,8.12834e-09,8.98266e-07,0.000173719,0.00243843,0,2203.22,31.6347,0,2595.99,81.0579,4911.9,0,0,0,0,0,0,0,12.8
2026-08-23T03:33:30,V5bf_t32x32,4000,10000,conditioned_spd_givens,41892452,0,512,32x32,FP32,ordinary_partial_pivoting_parallel_pivot_swap,-1,3329.05,12.8165,8.12834e-09,8.98266e-07,0.000173719,0.00243843,0,2061.31,30.2071,0,3522.34,86.3274,5700.18,0,0,0,0,0,0,0,12.8
2026-08-23T03:33:35,VLU,4000,10000,conditioned_spd_givens,41892452,0,512,32x32,FP32,ordinary_partial_pivoting_custom_lu_parallel_pivot_swap,-1,2393.84,17.8235,7.02267e-09,9.7466e-07,0.000363575,0.00600717,0,2013.36,31.5185,0,2518.95,72.7547,4636.58,0,0,0,0,0,0,0,12.8
2026-08-23T03:33:38,V6a_b64,4000,10000,conditioned_spd_givens,41892452,0,512,32x32,FP32,ordinary_partial_pivoting_blocked_lu_cublas,-1,320.567,133.097,8.95418e-09,1.88599e-06,0.000252313,0.00457356,0,1943.09,28.7369,0,628.298,78.65,2678.78,154.958,137.135,10.1443,0,320.574,0.1184,1.2312,12.8
2026-08-23T03:33:41,V6b_b64,4000,10000,conditioned_spd_givens,41892452,0,512,32x32,FP32,ordinary_partial_pivoting_blocked_lu_cublas_fused_swap,-1,242.161,176.191,8.95418e-09,1.88599e-06,0.000252313,0.00457356,0,1909.74,31.4122,0,592.266,64.1945,2597.62,151.093,183.471,10.4473,0,242.165,0.1508,1.1498,12.8
2026-08-23T03:33:45,V6c_b64,4000,10000,conditioned_spd_givens,41892452,0,512,32x32,FP32,ordinary_partial_pivoting_blocked_lu_cublas_fused_pivot_swap,-1,194.132,219.782,8.95418e-09,1.88599e-06,0.000252313,0.00457356,0,2014,41.211,0,593.495,64.2798,2712.98,155.366,228.313,10.3733,0,194.139,0.1354,1.1265,12.8
2026-08-23T03:33:47,V6d_b32,4000,10000,conditioned_spd_givens,41892452,0,512,32x32,FP32,ordinary_partial_pivoting_blocked_lu_cublas_adaptive_panel_fused_pivot_swap,-1,222.454,191.8,8.58712e-09,1.95061e-06,0.000256589,0.00406728,0,1858.73,26.9789,0,515.774,61.6452,2463.13,141.424,34.111,10.3737,0,222.457,0.0896,0.8092,12.8
2026-08-23T03:33:51,V6e_b64,4000,10000,conditioned_spd_givens,41892452,0,512,32x32,FP32,ordinary_partial_pivoting_blocked_lu_cublas_single_panel_deferred_swaps,-1,281.948,151.328,8.95418e-09,1.88599e-06,0.000252313,0.00457356,0,1851.2,30.1514,0,591.132,69.6007,2542.08,154.129,138.453,10.1247,0,281.953,0.1349,1.1655,12.8
2026-08-23T03:33:54,V5c_b64,4000,10000,conditioned_spd_givens,41892452,0,512,32x32,FP32,ordinary_partial_pivoting_blocked_lu_custom_rank_b_update,-1,325.961,130.895,8.93144e-09,1.89439e-06,0.000252314,0.00457356,0,1846,26.5106,0,625.858,69.2622,2567.63,142.506,141.932,10.1792,0,325.964,0.1355,1.1626,12.8
2026-08-23T03:34:10,V1,4000,10000,conditioned_spd_givens,41892452,0,512,32x32,FP32,ordinary_partial_pivoting_serial_pivot_swap,-1,14419.6,2.95893,8.12834e-09,8.98266e-07,0.000173719,0.00243843,0,1625.44,25.9694,0,14540.3,60.6794,16252.4,0,0,0,0,0,0,0,12.8
2026-08-23T03:34:27,V2,4000,10000,conditioned_spd_givens,41892452,0,512,32x32,FP32,ordinary_partial_pivoting_parallel_pivot_swap,-1,14619.8,2.91843,8.12834e-09,8.98266e-07,0.000173719,0.00243843,0,1664.38,25.1505,0,14959.4,63.7783,16712.7,0,0,0,0,0,0,0,12.8
2026-08-23T03:34:33,V3,4000,1e+06,conditioned_spd_givens,41892654,0,512,32x32,FP32,ordinary_partial_pivoting_parallel_pivot_swap,-1,2519.27,16.9362,6.79634e-09,8.68989e-07,0.014992,0.251622,0,1914.04,28.8698,0,2870.39,80.4174,4893.72,0,0,0,0,0,0,0,12.8
2026-08-23T03:34:38,V3f,4000,1e+06,conditioned_spd_givens,41892654,0,512,32x32,FP32,ordinary_partial_pivoting_parallel_pivot_swap,-1,2197.24,19.4183,6.79634e-09,8.68989e-07,0.014992,0.251622,0,2124.01,31.4529,0,2334.09,81.3988,4570.95,0,0,0,0,0,0,0,12.8
2026-08-23T03:34:41,V4,4000,1e+06,conditioned_spd_givens,41892654,0,512,32x32,FP32,ordinary_partial_pivoting_cusolver_getrf,-1,83.5322,510.781,7.85215e-09,1.06722e-06,0.0221229,0.355106,0,2333.28,36.958,0,492.071,94.4562,2956.77,183.342,205.023,13.1218,0.0428,83.5358,0.1437,2.3362,12.8
2026-08-23T03:34:48,V5a_t32x32,4000,1e+06,conditioned_spd_givens,41892654,0,512,32x32,FP32,ordinary_partial_pivoting_parallel_pivot_swap,-1,2844.91,14.9975,6.79634e-09,8.68989e-07,0.014992,0.251622,0,2490.99,42.4555,0,3259.06,99.4162,5891.92,0,0,0,0,0,0,0,12.8
2026-08-23T03:34:54,V5af_t32x32,4000,1e+06,conditioned_spd_givens,41892654,0,512,32x32,FP32,ordinary_partial_pivoting_parallel_pivot_swap,-1,2493.11,17.1138,6.79634e-09,8.68989e-07,0.014992,0.251622,0,2760.71,52.6027,0,2675.78,92.8196,5581.92,0,0,0,0,0,0,0,12.8
2026-08-23T03:35:01,V5bf_t32x32,4000,1e+06,conditioned_spd_givens,41892654,0,512,32x32,FP32,ordinary_partial_pivoting_parallel_pivot_swap,-1,3331.21,12.8081,6.79634e-09,8.68989e-07,0.014992,0.251622,0,2669.77,34.9349,0,3578.12,92.5011,6375.33,0,0,0,0,0,0,0,12.8
2026-08-23T03:35:07,VLU,4000,1e+06,conditioned_spd_givens,41892654,0,512,32x32,FP32,ordinary_partial_pivoting_custom_lu_parallel_pivot_swap,-1,2389.29,17.8575,6.15815e-09,8.64594e-07,0.0275906,0.625266,0,2416.86,41.3817,0,2548.12,99.5192,5105.89,0,0,0,0,0,0,0,12.8
2026-08-23T03:35:10,V6a_b64,4000,1e+06,conditioned_spd_givens,41892654,0,512,32x32,FP32,ordinary_partial_pivoting_blocked_lu_cublas,-1,330.718,129.012,8.43864e-09,1.18048e-06,0.0210368,0.308152,0,2332.18,31.227,0,702.362,75.1333,3140.9,173.969,177.135,15.0685,0,330.722,0.1004,1.0407,12.8
2026-08-23T03:35:14,V6b_b64,4000,1e+06,conditioned_spd_givens,41892654,0,512,32x32,FP32,ordinary_partial_pivoting_blocked_lu_cublas_fused_swap,-1,259.361,164.507,8.43864e-09,1.18048e-06,0.0210368,0.308152,0,2195.75,31.6795,0,620.52,75.258,2923.21,158.738,186.426,10.7153,0,259.367,0.0991,0.8721,12.8
2026-08-23T03:35:17,V6c_b64,4000,1e+06,conditioned_spd_givens,41892654,0,512,32x32,FP32,ordinary_partial_pivoting_blocked_lu_cublas_fused_pivot_swap,-1,216.581,197.001,8.43864e-09,1.18048e-06,0.0210368,0.308152,0,2136.6,36.5551,0,577.744,70.4645,2821.36,156.905,187.678,10.7968,0,216.585,0.1084,1.118,12.8
2026-08-23T03:35:20,V6d_b32,4000,1e+06,conditioned_spd_givens,41892654,0,512,32x32,FP32,ordinary_partial_pivoting_blocked_lu_cublas_adaptive_panel_fused_pivot_swap,-1,223.025,191.309,8.47774e-09,1.59882e-06,0.020883,0.302946,0,2216.93,29.4205,0,561.741,69.466,2877.55,176.317,38.6393,10.6667,0,223.029,0.1282,1.0928,12.8
2026-08-23T03:35:24,V6e_b64,4000,1e+06,conditioned_spd_givens,41892654,0,512,32x32,FP32,ordinary_partial_pivoting_blocked_lu_cublas_single_panel_deferred_swaps,-1,294.497,144.88,8.43864e-09,1.18048e-06,0.0210368,0.308152,0,2045.61,28.6036,0,634.729,69.5073,2778.45,174.429,148.385,11.1532,0,294.5,0.1411,1.2921,12.8
2026-08-23T03:35:27,V5c_b64,4000,1e+06,conditioned_spd_givens,41892654,0,512,32x32,FP32,ordinary_partial_pivoting_blocked_lu_custom_rank_b_update,-1,362.951,117.555,8.50408e-09,1.14154e-06,0.0210368,0.308152,0,2021.02,28.3568,0,689.696,67.8408,2806.91,150.263,159.444,12.0778,0,362.954,0.1273,1.0053,12.8
2026-08-23T03:35:44,V1,4000,1e+06,conditioned_spd_givens,41892654,0,512,32x32,FP32,ordinary_partial_pivoting_serial_pivot_swap,-1,14423.3,2.95818,6.79634e-09,8.68989e-07,0.014992,0.251622,0,1838.04,21.624,0,14521.8,59.0394,16440.5,0,0,0,0,0,0,0,12.8
2026-08-23T03:36:01,V2,4000,1e+06,conditioned_spd_givens,41892654,0,512,32x32,FP32,ordinary_partial_pivoting_parallel_pivot_swap,-1,14575.9,2.9272,6.79634e-09,8.68989e-07,0.014992,0.251622,0,1642.49,24.7904,0,14899.3,68.8679,16635.4,0,0,0,0,0,0,0,12.8
2026-08-23T03:36:02,V3f,2000,100,conditioned_spd_givens,22946253,0,512,32x32,FP32,ordinary_partial_pivoting_parallel_pivot_swap,-1,362.316,14.7201,1.12868e-08,9.8035e-07,2.7719e-06,3.72171e-05,0,381.587,7.6623,0,480.989,17.7567,887.996,0,0,0,0,0,0,0,12.8
2026-08-23T03:36:03,V4,2000,100,conditioned_spd_givens,22946253,0,512,32x32,FP32,ordinary_partial_pivoting_cusolver_getrf,-1,26.062,204.64,1.23629e-08,1.24018e-06,4.88643e-06,4.97818e-05,0,415.204,8.1189,0,192.189,19.896,635.409,26.2576,134.349,2.5338,0.0158,26.0666,0.1155,1.8557,12.8
2026-08-23T03:36:05,V5a_t32x32,2000,100,conditioned_spd_givens,22946253,0,512,32x32,FP32,ordinary_partial_pivoting_parallel_pivot_swap,-1,517.924,10.2975,1.12868e-08,9.8035e-07,2.7719e-06,3.72171e-05,0,391.272,7.6852,0,747.505,19.5129,1165.97,0,0,0,0,0,0,0,12.8
2026-08-23T03:36:06,V5af_t32x32,2000,100,conditioned_spd_givens,22946253,0,512,32x32,FP32,ordinary_partial_pivoting_parallel_pivot_swap,-1,355.118,15.0185,1.12868e-08,9.8035e-07,2.7719e-06,3.72171e-05,0,392.345,7.6483,0,464.055,17.2713,881.319,0,0,0,0,0,0,0,12.8
2026-08-23T03:36:08,V5bf_t32x32,2000,100,conditioned_spd_givens,22946253,0,512,32x32,FP32,ordinary_partial_pivoting_parallel_pivot_swap,-1,492.823,10.822,1.12868e-08,9.8035e-07,2.7719e-06,3.72171e-05,0,412.967,8.9836,0,609.996,17.556,1049.5,0,0,0,0,0,0,0,12.8
2026-08-23T03:36:09,VLU,2000,100,conditioned_spd_givens,22946253,0,512,32x32,FP32,ordinary_partial_pivoting_custom_lu_parallel_pivot_swap,-1,370.931,14.3783,1.15499e-08,2.40435e-06,8.62051e-06,0.000153852,0,443.137,8.8254,0,478.556,26.0462,956.564,0,0,0,0,0,0,0,12.8
2026-08-23T03:36:11,V6a_b64,2000,100,conditioned_spd_givens,22946253,0,512,32x32,FP32,ordinary_partial_pivoting_blocked_lu_cublas,-1,159.564,33.4245,1.20715e-08,1.34297e-06,4.59214e-06,5.47886e-05,0,428.373,8.8519,0,353.289,19.3736,809.888,32.9708,155.552,3.0762,0,159.566,0.1008,0.9108,12.8
2026-08-23T03:36:12,V6b_b64,2000,100,conditioned_spd_givens,22946253,0,512,32x32,FP32,ordinary_partial_pivoting_blocked_lu_cublas_fused_swap,-1,140.046,38.0826,1.20715e-08,1.34297e-06,4.59214e-06,5.47886e-05,0,439.55,8.3785,0,340.861,19.2586,808.049,40.2289,155.475,3.0499,0,140.05,0.1035,0.8462,12.8
2026-08-23T03:36:13,V6c_b64,2000,100,conditioned_spd_givens,22946253,0,512,32x32,FP32,ordinary_partial_pivoting_blocked_lu_cublas_fused_pivot_swap,-1,106.86,49.9095,1.20715e-08,1.34297e-06,4.59214e-06,5.47886e-05,0,502.134,8.5936,0,315.422,19.6888,845.838,32.775,170.163,3.4037,0,106.862,0.1056,0.9445,12.8
2026-08-23T03:36:14,V6d_b32,2000,100,conditioned_spd_givens,22946253,0,512,32x32,FP32,ordinary_partial_pivoting_blocked_lu_cublas_adaptive_panel_fused_pivot_swap,-1,109.617,48.6543,1.21274e-08,1.1275e-06,4.43399e-06,5.15103e-05,0,494.005,8.7446,0,311.035,20.7515,834.536,31.3859,53.9703,3.0693,0,109.62,0.1516,1.1839,12.8
2026-08-23T03:36:16,V6e_b64,2000,100,conditioned_spd_givens,22946253,0,512,32x32,FP32,ordinary_partial_pivoting_blocked_lu_cublas_single_panel_deferred_swaps,-1,103.349,51.605,1.20715e-08,1.34297e-06,4.59214e-06,5.47886e-05,0,489.962,9.7119,0,314.009,21.1569,834.84,31.586,173.803,2.9994,0,103.352,0.1379,1.0032,12.8
2026-08-23T03:36:17,V5c_b64,2000,100,conditioned_spd_givens,22946253,0,512,32x32,FP32,ordinary_partial_pivoting_blocked_lu_custom_rank_b_update,-1,134.886,39.5395,1.20514e-08,1.29418e-06,4.59182e-06,5.47886e-05,0,475.991,11.5929,0,340.365,25.487,853.436,32.1079,162.9,4.4831,0,134.891,0.1774,4.3847,12.8
2026-08-23T03:36:21,V1,2000,100,conditioned_spd_givens,22946253,0,512,32x32,FP32,ordinary_partial_pivoting_serial_pivot_swap,-1,2264.63,2.35506,1.12868e-08,9.8035e-07,2.7719e-06,3.72171e-05,0,520.159,10.8854,0,2450.69,27.0266,3008.76,0,0,0,0,0,0,0,12.8
2026-08-23T03:36:24,V2,2000,100,conditioned_spd_givens,22946253,0,512,32x32,FP32,ordinary_partial_pivoting_parallel_pivot_swap,-1,2412.14,2.21104,1.12868e-08,9.8035e-07,2.7719e-06,3.72171e-05,0,549.9,8.512,0,2659.93,23.0689,3241.41,0,0,0,0,0,0,0,12.8
2026-08-23T03:36:26,V3,2000,100,conditioned_spd_givens,22946253,0,512,32x32,FP32,ordinary_partial_pivoting_parallel_pivot_swap,-1,541.238,9.85395,1.12868e-08,9.8035e-07,2.7719e-06,3.72171e-05,0,589.27,9.3063,0,805.553,23.2405,1427.37,0,0,0,0,0,0,0,12.8
2026-08-23T03:36:28,V3f,2000,10000,conditioned_spd_givens,22946455,0,512,32x32,FP32,ordinary_partial_pivoting_parallel_pivot_swap,-1,342.913,15.553,8.75418e-09,7.07652e-07,0.000168411,0.00216813,0,593.81,14.1699,0,494.736,22.9046,1125.62,0,0,0,0,0,0,0,12.8
2026-08-23T03:36:29,V4,2000,10000,conditioned_spd_givens,22946455,0,512,32x32,FP32,ordinary_partial_pivoting_cusolver_getrf,-1,29.7062,179.536,1.24268e-08,1.3108e-06,0.000362446,0.00413864,0,530.4,9.1209,0,265.933,26.9765,832.431,35.4611,193.916,3.0119,0.0274,29.7093,0.1641,2.4258,12.8
2026-08-23T03:36:31,V5a_t32x32,2000,10000,conditioned_spd_givens,22946455,0,512,32x32,FP32,ordinary_partial_pivoting_parallel_pivot_swap,-1,586.258,9.09725,8.75418e-09,7.07652e-07,0.000168411,0.00216813,0,537.503,8.6055,0,855.216,23.5597,1424.88,0,0,0,0,0,0,0,12.8
2026-08-23T03:36:33,V5af_t32x32,2000,10000,conditioned_spd_givens,22946455,0,512,32x32,FP32,ordinary_partial_pivoting_parallel_pivot_swap,-1,378.513,14.0902,8.75418e-09,7.07652e-07,0.000168411,0.00216813,0,505.773,8.8246,0,510.565,22.029,1047.19,0,0,0,0,0,0,0,12.8
2026-08-23T03:36:34,V5bf_t32x32,2000,10000,conditioned_spd_givens,22946455,0,512,32x32,FP32,ordinary_partial_pivoting_parallel_pivot_swap,-1,476.965,11.1818,8.75418e-09,7.07652e-07,0.000168411,0.00216813,0,499.497,8.2321,0,612.175,22.2033,1142.11,0,0,0,0,0,0,0,12.8
2026-08-23T03:36:36,VLU,2000,10000,conditioned_spd_givens,22946455,0,512,32x32,FP32,ordinary_partial_pivoting_custom_lu_parallel_pivot_swap,-1,398.086,13.3974,1.00329e-08,1.26853e-06,0.00049307,0.00667174,0,508.127,8.03,0,520.907,20.5192,1057.58,0,0,0,0,0,0,0,12.8
2026-08-23T03:36:38,V6a_b64,2000,10000,conditioned_spd_givens,22946455,0,512,32x32,FP32,ordinary_partial_pivoting_blocked_lu_cublas,-1,164.999,32.3234,1.24061e-08,1.63291e-06,0.000354394,0.00508027,0,484.52,8.88,0,383.981,19.8753,897.256,40.4003,172.793,2.9627,0,165.004,0.194,1.3565,12.8
2026-08-23T03:36:39,V6b_b64,2000,10000,conditioned_spd_givens,22946455,0,512,32x32,FP32,ordinary_partial_pivoting_blocked_lu_cublas_fused_swap,-1,161.824,32.9576,1.24061e-08,1.63291e-06,0.000354394,0.00508027,0,495.797,9.1474,0,365.167,23.6037,893.715,31.1405,165.357,3.259,0,161.827,0.118,1.4357,12.8
2026-08-23T03:36:40,V6c_b64,2000,10000,conditioned_spd_givens,22946455,0,512,32x32,FP32,ordinary_partial_pivoting_blocked_lu_cublas_fused_pivot_swap,-1,109.758,48.5915,1.24061e-08,1.63291e-06,0.000354394,0.00508027,0,488.195,11.8435,0,310.112,29.9013,840.052,35.6419,158.816,3.1028,0,109.764,0.1497,1.2348,12.8
2026-08-23T03:36:42,V6d_b32,2000,10000,conditioned_spd_givens,22946455,0,512,32x32,FP32,ordinary_partial_pivoting_blocked_lu_cublas_adaptive_panel_fused_pivot_swap,-1,112.171,47.5464,1.14439e-08,9.98276e-07,0.000324066,0.00431662,0,498.86,9.7246,0,341.303,19.4436,869.331,36.9157,62.9958,5.1003,0,112.142,0.1387,1.0528,12.8
2026-08-23T03:36:43,V6e_b64,2000,10000,conditioned_spd_givens,22946455,0,512,32x32,FP32,ordinary_partial_pivoting_blocked_lu_cublas_single_panel_deferred_swaps,-1,103.348,51.6058,1.24061e-08,1.63291e-06,0.000354394,0.00508027,0,450.675,9.3346,0,305.071,18.266,783.346,42.4234,153.894,3.0501,0,103.351,0.1275,1.0927,12.8
2026-08-23T03:36:44,V5c_b64,2000,10000,conditioned_spd_givens,22946455,0,512,32x32,FP32,ordinary_partial_pivoting_blocked_lu_custom_rank_b_update,-1,112.19,47.5383,1.24178e-08,1.67543e-06,0.000354395,0.00508027,0,531.345,8.1853,0,316.784,19.7507,876.066,30.9963,167.258,4.0626,0,112.182,0.1444,0.8877,12.8
2026-08-23T03:36:48,V1,2000,10000,conditioned_spd_givens,22946455,0,512,32x32,FP32,ordinary_partial_pivoting_serial_pivot_swap,-1,2260.72,2.35913,8.75418e-09,7.07652e-07,0.000168411,0.00216813,0,454.382,8.3084,0,2382.79,22.1696,2867.65,0,0,0,0,0,0,0,12.8
2026-08-23T03:36:51,V2,2000,10000,conditioned_spd_givens,22946455,0,512,32x32,FP32,ordinary_partial_pivoting_parallel_pivot_swap,-1,2386.55,2.23475,8.75418e-09,7.07652e-07,0.000168411,0.00216813,0,426.805,8.9107,0,2611.41,24.444,3071.57,0,0,0,0,0,0,0,12.8
2026-08-23T03:36:53,V3,2000,10000,conditioned_spd_givens,22946455,0,512,32x32,FP32,ordinary_partial_pivoting_parallel_pivot_swap,-1,462.092,11.5417,8.75418e-09,7.07652e-07,0.000168411,0.00216813,0,424.738,8.1109,0,701.077,17.8195,1151.74,0,0,0,0,0,0,0,12.8
2026-08-23T03:36:55,V3f,2000,1e+06,conditioned_spd_givens,22946657,0,512,32x32,FP32,ordinary_partial_pivoting_parallel_pivot_swap,-1,323.664,16.478,8.31931e-09,5.93608e-07,0.0122953,0.145454,0,420.886,8.2225,0,432.026,18.7677,879.902,0,0,0,0,0,0,0,12.8
2026-08-23T03:36:56,V4,2000,1e+06,conditioned_spd_givens,22946657,0,512,32x32,FP32,ordinary_partial_pivoting_cusolver_getrf,-1,25.5529,208.717,1.14365e-08,1.34753e-06,0.0220175,0.258435,0,407.487,10.1359,0,215.486,18.4623,651.571,35.4966,148.792,2.5625,0.0198,25.5568,0.1027,1.8385,12.8
2026-08-23T03:36:57,V5a_t32x32,2000,1e+06,conditioned_spd_givens,22946657,0,512,32x32,FP32,ordinary_partial_pivoting_parallel_pivot_swap,-1,544.84,9.7888,8.31931e-09,5.93608e-07,0.0122953,0.145454,0,402.744,8.7898,0,761.844,20.6873,1194.07,0,0,0,0,0,0,0,12.8
2026-08-23T03:36:59,V5af_t32x32,2000,1e+06,conditioned_spd_givens,22946657,0,512,32x32,FP32,ordinary_partial_pivoting_parallel_pivot_swap,-1,354.497,15.0448,8.31931e-09,5.93608e-07,0.0122953,0.145454,0,417.189,8.14,0,460.528,19.4455,905.303,0,0,0,0,0,0,0,12.8
2026-08-23T03:37:01,V5bf_t32x32,2000,1e+06,conditioned_spd_givens,22946657,0,512,32x32,FP32,ordinary_partial_pivoting_parallel_pivot_swap,-1,467.186,11.4159,8.31931e-09,5.93608e-07,0.0122953,0.145454,0,413.163,8.3052,0,576.883,17.616,1015.97,0,0,0,0,0,0,0,12.8
2026-08-23T03:37:02,VLU,2000,1e+06,conditioned_spd_givens,22946657,0,512,32x32,FP32,ordinary_partial_pivoting_custom_lu_parallel_pivot_swap,-1,385.529,13.8338,8.70573e-09,6.49242e-07,0.0286374,0.362093,0,408.319,10.7435,0,501.684,22.2685,943.014,0,0,0,0,0,0,0,12.8
2026-08-23T03:37:03,V6a_b64,2000,1e+06,conditioned_spd_givens,22946657,0,512,32x32,FP32,ordinary_partial_pivoting_blocked_lu_cublas,-1,136.372,39.1086,1.1487e-08,1.19927e-06,0.0196311,0.182822,0,434.792,8.4174,0,309.583,19.6868,772.48,25.8992,142.542,2.6158,0,136.377,0.1361,0.9891,12.8
2026-08-23T03:37:04,V6b_b64,2000,1e+06,conditioned_spd_givens,22946657,0,512,32x32,FP32,ordinary_partial_pivoting_blocked_lu_cublas_fused_swap,-1,129.497,41.185,1.1487e-08,1.19927e-06,0.0196311,0.182822,0,382.853,7.0853,0,296.82,18.2289,704.986,27.9779,133.926,3.4015,0,129.501,0.0918,0.8342,12.8
2026-08-23T03:37:05,V6c_b64,2000,1e+06,conditioned_spd_givens,22946657,0,512,32x32,FP32,ordinary_partial_pivoting_blocked_lu_cublas_fused_pivot_swap,-1,105.94,50.3431,1.1487e-08,1.19927e-06,0.0196311,0.182822,0,385.455,8.8505,0,303.305,20.967,718.577,33.7227,158.038,2.9862,0,105.945,0.1513,1.1703,12.8
2026-08-23T03:37:07,V6d_b32,2000,1e+06,conditioned_spd_givens,22946657,0,512,32x32,FP32,ordinary_partial_pivoting_blocked_lu_cublas_adaptive_panel_fused_pivot_swap,-1,164.35,32.4511,1.15446e-08,1.1746e-06,0.0200829,0.234084,0,431.364,7.1675,0,327.721,20.9749,787.228,27.5973,35.9097,3.4671,0,164.379,0.1547,1.1757,12.8
2026-08-23T03:37:08,V6e_b64,2000,1e+06,conditioned_spd_givens,22946657,0,512,32x32,FP32,ordinary_partial_pivoting_blocked_lu_cublas_single_panel_deferred_swaps,-1,102.158,52.2065,1.1487e-08,1.19927e-06,0.0196311,0.182822,0,384.923,8.576,0,268.509,20.0972,682.104,28.8028,132.335,2.9628,0,102.165,0.1545,1.0645,12.8
2026-08-23T03:37:09,V5c_b64,2000,1e+06,conditioned_spd_givens,22946657,0,512,32x32,FP32,ordinary_partial_pivoting_blocked_lu_custom_rank_b_update,-1,106.381,50.1343,1.14074e-08,1.29223e-06,0.0196311,0.182822,0,389.71,7.9406,0,299.897,17.0896,714.637,28.2212,160.036,3.166,0,106.385,0.1255,0.8928,12.8
2026-08-23T03:37:12,V1,2000,1e+06,conditioned_spd_givens,22946657,0,512,32x32,FP32,ordinary_partial_pivoting_serial_pivot_swap,-1,2277.22,2.34203,8.31931e-09,5.93608e-07,0.0122953,0.145454,0,377.028,6.8055,0,2401.28,28.5743,2813.69,0,0,0,0,0,0,0,12.8
2026-08-23T03:37:16,V2,2000,1e+06,conditioned_spd_givens,22946657,0,512,32x32,FP32,ordinary_partial_pivoting_parallel_pivot_swap,-1,2356.78,2.26297,8.31931e-09,5.93608e-07,0.0122953,0.145454,0,374.75,6.7573,0,2560.38,25.8283,2967.72,0,0,0,0,0,0,0,12.8
2026-08-23T03:37:17,V3,2000,1e+06,conditioned_spd_givens,22946657,0,512,32x32,FP32,ordinary_partial_pivoting_parallel_pivot_swap,-1,440.375,12.1109,8.31931e-09,5.93608e-07,0.0122953,0.145454,0,365.742,6.5002,0,651.588,17.0453,1040.88,0,0,0,0,0,0,0,12.8
2026-08-23T03:37:22,V3f,4000,100,conditioned_spd_givens,42892253,0,512,32x32,FP32,ordinary_partial_pivoting_parallel_pivot_swap,-1,2184.08,19.5353,1.05136e-08,1.51649e-06,2.28985e-06,2.53558e-05,0,1910.09,29.6021,0,2303.11,85.6234,4328.43,0,0,0,0,0,0,0,12.8
2026-08-23T03:37:24,V4,4000,100,conditioned_spd_givens,42892253,0,512,32x32,FP32,ordinary_partial_pivoting_cusolver_getrf,-1,75.5157,565.004,8.15056e-09,1.9404e-06,3.40842e-06,4.98772e-05,0,1794.87,31.8508,0,380.88,68.5838,2276.19,128.451,160.83,10.3523,0.0272,75.5206,0.1213,1.9001,12.8
2026-08-23T03:37:30,V5a_t32x32,4000,100,conditioned_spd_givens,42892253,0,512,32x32,FP32,ordinary_partial_pivoting_parallel_pivot_swap,-1,2693.43,15.841,1.05136e-08,1.51649e-06,2.28985e-06,2.53558e-05,0,1765.4,27.3154,0,3009.34,61.14,4863.2,0,0,0,0,0,0,0,12.8
2026-08-23T03:37:35,V5af_t32x32,4000,100,conditioned_spd_givens,42892253,0,512,32x32,FP32,ordinary_partial_pivoting_parallel_pivot_swap,-1,2455.01,17.3794,1.05136e-08,1.51649e-06,2.28985e-06,2.53558e-05,0,1735.9,28.0212,0,2571.41,84.7632,4420.09,0,0,0,0,0,0,0,12.8
2026-08-23T03:37:40,V5bf_t32x32,4000,100,conditioned_spd_givens,42892253,0,512,32x32,FP32,ordinary_partial_pivoting_parallel_pivot_swap,-1,3339.33,12.777,1.05136e-08,1.51649e-06,2.28985e-06,2.53558e-05,0,1770.31,28.6852,0,3457.7,65.7792,5322.48,0,0,0,0,0,0,0,12.8
2026-08-23T03:37:45,VLU,4000,100,conditioned_spd_givens,42892253,0,512,32x32,FP32,ordinary_partial_pivoting_custom_lu_parallel_pivot_swap,-1,2391.27,17.8427,7.77977e-09,2.40526e-06,4.782e-06,0.000139952,0,1838.33,27.083,0,2503.78,71.0508,4440.25,0,0,0,0,0,0,0,12.8
2026-08-23T03:37:48,V6a_b64,4000,100,conditioned_spd_givens,42892253,0,512,32x32,FP32,ordinary_partial_pivoting_blocked_lu_cublas,-1,290.187,147.031,8.13718e-09,2.01391e-06,2.97041e-06,4.42266e-05,0,1924.59,28.3561,0,604.083,75.4402,2632.47,165.571,132.257,11.3603,0,290.191,0.0948,0.8284,12.8
2026-08-23T03:37:52,V6b_b64,4000,100,conditioned_spd_givens,42892253,0,512,32x32,FP32,ordinary_partial_pivoting_blocked_lu_cublas_fused_swap,-1,239.541,178.118,8.13718e-09,2.01391e-06,2.97041e-06,4.42266e-05,0,2058.86,31.483,0,596.182,69.1425,2755.67,158.746,182.541,10.2765,0,239.545,0.1024,0.8858,12.8
2026-08-23T03:37:55,V6c_b64,4000,100,conditioned_spd_givens,42892253,0,512,32x32,FP32,ordinary_partial_pivoting_blocked_lu_cublas_fused_pivot_swap,-1,187.576,227.463,8.13718e-09,2.01391e-06,2.97041e-06,4.42266e-05,0,2012.38,29.2327,0,530.461,77.9503,2650.03,170.403,154.893,12.1667,0,187.579,0.0936,0.8159,12.8
2026-08-23T03:37:58,V6d_b32,4000,100,conditioned_spd_givens,42892253,0,512,32x32,FP32,ordinary_partial_pivoting_blocked_lu_cublas_adaptive_panel_fused_pivot_swap,-1,214.886,198.555,8.08195e-09,1.96192e-06,2.86394e-06,4.00543e-05,0,2074.59,29.5633,0,572.144,80.168,2756.47,171.54,44.7961,12.4895,0,214.889,0.1021,1.1318,12.8
2026-08-23T03:38:02,V6e_b64,4000,100,conditioned_spd_givens,42892253,0,512,32x32,FP32,ordinary_partial_pivoting_blocked_lu_cublas_single_panel_deferred_swaps,-1,324.212,131.601,8.13718e-09,2.01391e-06,2.97041e-06,4.42266e-05,0,2403.04,44.2122,0,713.187,73.4469,3233.88,204.41,165.079,13.093,0,324.213,0.1836,1.6136,12.8
2026-08-23T03:38:05,V5c_b64,4000,100,conditioned_spd_givens,42892253,0,512,32x32,FP32,ordinary_partial_pivoting_blocked_lu_custom_rank_b_update,-1,357.587,119.318,8.11084e-09,1.99087e-06,2.97034e-06,4.42266e-05,0,2247.19,32.3184,0,710.4,89.1653,3079.07,173.051,160.71,11.3471,0,357.59,0.1429,2.6864,12.8
2026-08-23T03:38:22,V1,4000,100,conditioned_spd_givens,42892253,0,512,32x32,FP32,ordinary_partial_pivoting_serial_pivot_swap,-1,14417.3,2.9594,1.05136e-08,1.51649e-06,2.28985e-06,2.53558e-05,0,2226.5,31.4187,0,14580.2,90.5911,16928.7,0,0,0,0,0,0,0,12.8
2026-08-23T03:38:40,V2,4000,100,conditioned_spd_givens,42892253,0,512,32x32,FP32,ordinary_partial_pivoting_parallel_pivot_swap,-1,14562.4,2.92992,1.05136e-08,1.51649e-06,2.28985e-06,2.53558e-05,0,2024.97,30.0667,0,14914.3,85.1894,17054.6,0,0,0,0,0,0,0,12.8
2026-08-23T03:38:46,V3,4000,100,conditioned_spd_givens,42892253,0,512,32x32,FP32,ordinary_partial_pivoting_parallel_pivot_swap,-1,2468.86,17.2819,1.05136e-08,1.51649e-06,2.28985e-06,2.53558e-05,0,1972.11,28.0147,0,2817.26,71.2008,4888.59,0,0,0,0,0,0,0,12.8
2026-08-23T03:38:50,V3f,4000,10000,conditioned_spd_givens,42892455,0,512,32x32,FP32,ordinary_partial_pivoting_parallel_pivot_swap,-1,2204.24,19.3567,8.24767e-09,9.40028e-07,0.000175384,0.00413799,0,1920.79,29.9847,0,2336.32,86.2139,4373.3,0,0,0,0,0,0,0,12.8
2026-08-23T03:38:54,V4,4000,10000,conditioned_spd_givens,42892455,0,512,32x32,FP32,ordinary_partial_pivoting_cusolver_getrf,-1,76.3233,559.025,8.21151e-09,1.24852e-06,0.000305053,0.00521796,0,1985.53,32.8794,0,408.624,74.7376,2501.77,159.595,155.039,11.3412,0.0322,76.3258,0.1301,2.0415,12.8
2026-08-23T03:38:59,V5a_t32x32,4000,10000,conditioned_spd_givens,42892455,0,512,32x32,FP32,ordinary_partial_pivoting_parallel_pivot_swap,-1,2760.77,15.4546,8.24767e-09,9.40028e-07,0.000175384,0.00413799,0,2070.05,38.2696,0,3090.31,72.7702,5271.4,0,0,0,0,0,0,0,12.8
2026-08-23T03:39:05,V5af_t32x32,4000,10000,conditioned_spd_givens,42892455,0,512,32x32,FP32,ordinary_partial_pivoting_parallel_pivot_swap,-1,2472.54,17.2562,8.24767e-09,9.40028e-07,0.000175384,0.00413799,0,2076.11,35.7813,0,2610.93,77.9261,4800.75,0,0,0,0,0,0,0,12.8
2026-08-23T03:39:11,V5bf_t32x32,4000,10000,conditioned_spd_givens,42892455,0,512,32x32,FP32,ordinary_partial_pivoting_parallel_pivot_swap,-1,3335.81,12.7905,8.24767e-09,9.40028e-07,0.000175384,0.00413799,0,2057.8,31.9195,0,3468.87,92.7053,5651.3,0,0,0,0,0,0,0,12.8
2026-08-23T03:39:16,VLU,4000,10000,conditioned_spd_givens,42892455,0,512,32x32,FP32,ordinary_partial_pivoting_custom_lu_parallel_pivot_swap,-1,2390.03,17.8519,6.79296e-09,1.12547e-06,0.000339702,0.00747957,0,2356.62,30.9193,0,2553.93,82.7527,5024.22,0,0,0,0,0,0,0,12.8
2026-08-23T03:39:20,V6a_b64,4000,10000,conditioned_spd_givens,42892455,0,512,32x32,FP32,ordinary_partial_pivoting_blocked_lu_cublas,-1,308.617,138.251,8.01523e-09,1.1878e-06,0.000274288,0.00572293,0,2204.92,32.8199,0,669.968,79.9199,2987.63,151.381,192.983,11.626,0,308.619,0.0961,0.933,12.8
2026-08-23T03:39:23,V6b_b64,4000,10000,conditioned_spd_givens,42892455,0,512,32x32,FP32,ordinary_partial_pivoting_blocked_lu_cublas_fused_swap,-1,264.361,161.395,8.01523e-09,1.1878e-06,0.000274288,0.00572293,0,2067.85,31.1725,0,664.967,72.0188,2836.01,158.106,226.577,10.885,0,264.364,0.1009,0.8965,12.8
2026-08-23T03:39:26,V6c_b64,4000,10000,conditioned_spd_givens,42892455,0,512,32x32,FP32,ordinary_partial_pivoting_blocked_lu_cublas_fused_pivot_swap,-1,190.928,223.47,8.01523e-09,1.1878e-06,0.000274288,0.00572293,0,2038.17,29.8279,0,515.901,70.584,2654.48,155.235,150.941,13.0154,0,190.931,0.1115,1.1831,12.8
2026-08-23T03:39:29,V6d_b32,4000,10000,conditioned_spd_givens,42892455,0,512,32x32,FP32,ordinary_partial_pivoting_blocked_lu_cublas_adaptive_panel_fused_pivot_swap,-1,206.551,206.567,8.14278e-09,1.14694e-06,0.000281666,0.00605814,0,1988.39,30.6787,0,510.458,68.4212,2597.95,150.095,36.8513,10.648,0,206.554,0.1105,1.0886,12.8
2026-08-23T03:39:33,V6e_b64,4000,10000,conditioned_spd_givens,42892455,0,512,32x32,FP32,ordinary_partial_pivoting_blocked_lu_cublas_single_panel_deferred_swaps,-1,316.465,134.823,8.01523e-09,1.1878e-06,0.000274288,0.00572293,0,1964.79,27.7136,0,653.008,68.686,2714.2,163.75,156.831,10.8893,0,316.469,0.1289,1.0967,12.8
2026-08-23T03:39:36,V5c_b64,4000,10000,conditioned_spd_givens,42892455,0,512,32x32,FP32,ordinary_partial_pivoting_blocked_lu_custom_rank_b_update,-1,332.235,128.423,7.99347e-09,1.19197e-06,0.000274289,0.00572293,0,1957.3,27.0212,0,655.303,70.0201,2709.64,144.921,161.006,11.3832,0,332.241,0.1568,1.4531,12.8
2026-08-23T03:39:53,V1,4000,10000,conditioned_spd_givens,42892455,0,512,32x32,FP32,ordinary_partial_pivoting_serial_pivot_swap,-1,14428.7,2.95707,8.24767e-09,9.40028e-07,0.000175384,0.00413799,0,1882.82,27.6128,0,14559.9,72.667,16543,0,0,0,0,0,0,0,12.8
2026-08-23T03:40:10,V2,4000,10000,conditioned_spd_givens,42892455,0,512,32x32,FP32,ordinary_partial_pivoting_parallel_pivot_swap,-1,14586.1,2.92516,8.24767e-09,9.40028e-07,0.000175384,0.00413799,0,1854.75,26.7621,0,14924.2,71.0109,16876.7,0,0,0,0,0,0,0,12.8
2026-08-23T03:40:16,V3,4000,10000,conditioned_spd_givens,42892455,0,512,32x32,FP32,ordinary_partial_pivoting_parallel_pivot_swap,-1,2544.91,16.7655,8.24767e-09,9.40028e-07,0.000175384,0.00413799,0,2199.44,35.0269,0,2900.71,90.384,5225.56,0,0,0,0,0,0,0,12.8
2026-08-23T03:40:21,V3f,4000,1e+06,conditioned_spd_givens,42892657,0,512,32x32,FP32,ordinary_partial_pivoting_parallel_pivot_swap,-1,2192.76,19.4579,7.39843e-09,1.14699e-06,0.014163,0.242196,0,2337.48,34.0423,0,2369.63,78.5531,4819.7,0,0,0,0,0,0,0,12.8
2026-08-23T03:40:25,V4,4000,1e+06,conditioned_spd_givens,42892657,0,512,32x32,FP32,ordinary_partial_pivoting_cusolver_getrf,-1,77.8916,547.77,7.56301e-09,1.26873e-06,0.0227883,0.504919,0,2182.4,29.2306,0,455.804,72.3612,2739.79,184.126,175.264,12.2179,0.0327,77.8946,0.1319,1.9578,12.8
2026-08-23T03:40:30,V5a_t32x32,4000,1e+06,conditioned_spd_givens,42892657,0,512,32x32,FP32,ordinary_partial_pivoting_parallel_pivot_swap,-1,2748.49,15.5237,7.39843e-09,1.14699e-06,0.014163,0.242196,0,2096.7,35.391,0,3083.74,74.9671,5290.8,0,0,0,0,0,0,0,12.8
2026-08-23T03:40:35,V5af_t32x32,4000,1e+06,conditioned_spd_givens,42892657,0,512,32x32,FP32,ordinary_partial_pivoting_parallel_pivot_swap,-1,2472.71,17.255,7.39843e-09,1.14699e-06,0.014163,0.242196,0,2047.18,35.0014,0,2606.52,75.2863,4763.99,0,0,0,0,0,0,0,12.8
2026-08-23T03:40:42,V5bf_t32x32,4000,1e+06,conditioned_spd_givens,42892657,0,512,32x32,FP32,ordinary_partial_pivoting_parallel_pivot_swap,-1,3347.71,12.745,7.39843e-09,1.14699e-06,0.014163,0.242196,0,1979.62,29.218,0,3490.37,74.9945,5574.21,0,0,0,0,0,0,0,12.8
2026-08-23T03:40:47,VLU,4000,1e+06,conditioned_spd_givens,42892657,0,512,32x32,FP32,ordinary_partial_pivoting_custom_lu_parallel_pivot_swap,-1,2383.45,17.9012,6.69166e-09,9.43653e-07,0.0312678,0.622176,0,1940.35,28.9486,0,2522.24,64.4947,4556.03,0,0,0,0,0,0,0,12.8
2026-08-23T03:40:50,V6a_b64,4000,1e+06,conditioned_spd_givens,42892657,0,512,32x32,FP32,ordinary_partial_pivoting_blocked_lu_cublas,-1,288.654,147.813,7.03999e-09,9.44367e-07,0.0200208,0.45814,0,1919.05,26.7647,0,612.046,72.4763,2630.34,148.86,159.709,10.0738,0,288.66,0.0924,0.8274,12.8
2026-08-23T03:40:53,V6b_b64,4000,1e+06,conditioned_spd_givens,42892657,0,512,32x32,FP32,ordinary_partial_pivoting_blocked_lu_cublas_fused_swap,-1,231.539,184.274,7.03999e-09,9.44367e-07,0.0200208,0.45814,0,1975.12,27.644,0,570.175,76.9334,2649.88,155.293,165.881,12.2684,0,231.543,0.1003,0.9768,12.8
2026-08-23T03:40:56,V6c_b64,4000,1e+06,conditioned_spd_givens,42892657,0,512,32x32,FP32,ordinary_partial_pivoting_blocked_lu_cublas_fused_pivot_swap,-1,209.825,203.344,7.03999e-09,9.44367e-07,0.0200208,0.45814,0,2077.22,32.9388,0,571.432,71.7366,2753.32,172.392,169.639,13.555,0,209.831,0.1466,1.3703,12.8
2026-08-23T03:40:59,V6d_b32,4000,1e+06,conditioned_spd_givens,42892657,0,512,32x32,FP32,ordinary_partial_pivoting_blocked_lu_cublas_adaptive_panel_fused_pivot_swap,-1,211.631,201.609,7.81156e-09,1.18893e-06,0.0190286,0.434292,0,2137.78,38.2389,0,540.183,71.6185,2787.82,155.745,45.7497,11.6875,0,211.633,0.1029,1.0085,12.8
2026-08-23T03:41:03,V6e_b64,4000,1e+06,conditioned_spd_givens,42892657,0,512,32x32,FP32,ordinary_partial_pivoting_blocked_lu_cublas_single_panel_deferred_swaps,-1,287.98,148.158,7.03999e-09,9.44367e-07,0.0200208,0.45814,0,1999.45,28.9862,0,599.692,68.2444,2696.38,152.729,141.393,11.9134,0,287.983,0.11,1.1304,12.8
2026-08-23T03:41:06,V5c_b64,4000,1e+06,conditioned_spd_givens,42892657,0,512,32x32,FP32,ordinary_partial_pivoting_blocked_lu_custom_rank_b_update,-1,351.806,121.279,7.04244e-09,9.4717e-07,0.0200208,0.45814,0,1979.37,33.9396,0,753.556,67.7442,2834.61,204.245,180.91,11.4036,0,351.811,0.11,1.1106,12.8
2026-08-23T03:41:23,V1,4000,1e+06,conditioned_spd_givens,42892657,0,512,32x32,FP32,ordinary_partial_pivoting_serial_pivot_swap,-1,14404.1,2.96211,7.39843e-09,1.14699e-06,0.014163,0.242196,0,2039.15,28.8548,0,14544.1,66.3088,16678.4,0,0,0,0,0,0,0,12.8
2026-08-23T03:41:41,V2,4000,1e+06,conditioned_spd_givens,42892657,0,512,32x32,FP32,ordinary_partial_pivoting_parallel_pivot_swap,-1,14585.1,2.92536,7.39843e-09,1.14699e-06,0.014163,0.242196,0,1913.05,27.9646,0,14943.4,80.6173,16965,0,0,0,0,0,0,0,12.8
2026-08-23T03:41:47,V3,4000,1e+06,conditioned_spd_givens,42892657,0,512,32x32,FP32,ordinary_partial_pivoting_parallel_pivot_swap,-1,2554.14,16.7049,7.39843e-09,1.14699e-06,0.014163,0.242196,0,2110.09,63.6125,0,2950.4,81.7722,5205.87,0,0,0,0,0,0,0,12.8
2026-08-23T03:41:48,V4,2000,100,conditioned_spd_givens,23946256,0,512,32x32,FP32,ordinary_partial_pivoting_cusolver_getrf,-1,33.0793,161.229,1.19743e-08,1.30986e-06,4.89734e-06,5.91278e-05,0,452.229,9.2093,0,245.829,19.3844,726.652,32.1079,174.611,2.8459,0.0231,33.0805,0.1272,1.92,12.8
2026-08-23T03:41:50,V5a_t32x32,2000,100,conditioned_spd_givens,23946256,0,512,32x32,FP32,ordinary_partial_pivoting_parallel_pivot_swap,-1,551.071,9.67813,1.13005e-08,8.74091e-07,2.63827e-06,2.77281e-05,0,445.079,8.9674,0,804.623,18.8956,1277.56,0,0,0,0,0,0,0,12.8
2026-08-23T03:41:51,V5af_t32x32,2000,100,conditioned_spd_givens,23946256,0,512,32x32,FP32,ordinary_partial_pivoting_parallel_pivot_swap,-1,378.653,14.085,1.13005e-08,8.74091e-07,2.63827e-06,2.77281e-05,0,545.952,12.2517,0,546.321,22.6081,1127.13,0,0,0,0,0,0,0,12.8
2026-08-23T03:41:53,V5bf_t32x32,2000,100,conditioned_spd_givens,23946256,0,512,32x32,FP32,ordinary_partial_pivoting_parallel_pivot_swap,-1,478.769,11.1397,1.13005e-08,8.74091e-07,2.63827e-06,2.77281e-05,0,452.258,12.8221,0,601.554,33.5052,1100.14,0,0,0,0,0,0,0,12.8
2026-08-23T03:41:54,VLU,2000,100,conditioned_spd_givens,23946256,0,512,32x32,FP32,ordinary_partial_pivoting_custom_lu_parallel_pivot_swap,-1,450.941,11.8271,1.16483e-08,3.49542e-06,8.3371e-06,0.000182867,0,468.863,10.7144,0,569.683,26.8794,1076.14,0,0,0,0,0,0,0,12.8
2026-08-23T03:41:56,V6a_b64,2000,100,conditioned_spd_givens,23946256,0,512,32x32,FP32,ordinary_partial_pivoting_blocked_lu_cublas,-1,181.717,29.3497,1.19835e-08,1.82929e-06,4.15709e-06,6.27041e-05,0,455.874,10.5997,0,372.365,19.0777,857.917,30.1525,154.408,3.7492,0,181.718,0.1205,0.979,12.8
2026-08-23T03:41:57,V6b_b64,2000,100,conditioned_spd_givens,23946256,0,512,32x32,FP32,ordinary_partial_pivoting_blocked_lu_cublas_fused_swap,-1,148.077,36.0172,1.19835e-08,1.82929e-06,4.15709e-06,6.27041e-05,0,431.068,9.2131,0,350.049,20.0436,810.374,39.2753,156.893,3.5341,0,148.082,0.0919,1.0714,12.8
2026-08-23T03:41:58,V6c_b64,2000,100,conditioned_spd_givens,23946256,0,512,32x32,FP32,ordinary_partial_pivoting_blocked_lu_cublas_fused_pivot_swap,-1,102.833,51.8641,1.19835e-08,1.82929e-06,4.15709e-06,6.27041e-05,0,448.558,9.2262,0,291.076,18.9845,767.845,33.1918,148.995,3.6201,0,102.835,0.1152,0.9471,12.8
2026-08-23T03:42:00,V6d_b32,2000,100,conditioned_spd_givens,23946256,0,512,32x32,FP32,ordinary_partial_pivoting_blocked_lu_cublas_adaptive_panel_fused_pivot_swap,-1,214.893,24.8186,1.1945e-08,1.6454e-06,4.47589e-06,6.92606e-05,0,449.843,9.4098,0,392.706,18.8367,870.795,28.7568,39.8835,3.7838,0,214.906,0.1494,0.9703,12.8
2026-08-23T03:42:01,V6e_b64,2000,100,conditioned_spd_givens,23946256,0,512,32x32,FP32,ordinary_partial_pivoting_blocked_lu_cublas_single_panel_deferred_swaps,-1,103.278,51.6407,1.19835e-08,1.82929e-06,4.15709e-06,6.27041e-05,0,459.786,7.7921,0,293.039,24.0705,784.688,29.8416,154.425,3.2719,0,103.282,0.0937,0.9609,12.8
2026-08-23T03:42:02,V5c_b64,2000,100,conditioned_spd_givens,23946256,0,512,32x32,FP32,ordinary_partial_pivoting_blocked_lu_custom_rank_b_update,-1,110.241,48.3788,1.20056e-08,1.80194e-06,4.15643e-06,6.27041e-05,0,444.212,7.6216,0,290.744,20.9089,763.486,27.9336,147.031,3.4554,0,110.243,0.1245,0.8838,12.8
2026-08-23T03:42:05,V1,2000,100,conditioned_spd_givens,23946256,0,512,32x32,FP32,ordinary_partial_pivoting_serial_pivot_swap,-1,2267.92,2.35164,1.13005e-08,8.74091e-07,2.63827e-06,2.77281e-05,0,448.465,8.8639,0,2380.19,18.3193,2855.84,0,0,0,0,0,0,0,12.8
2026-08-23T03:42:09,V2,2000,100,conditioned_spd_givens,23946256,0,512,32x32,FP32,ordinary_partial_pivoting_parallel_pivot_swap,-1,2375.94,2.24472,1.13005e-08,8.74091e-07,2.63827e-06,2.77281e-05,0,410.512,7.5397,0,2603.62,17.9213,3039.59,0,0,0,0,0,0,0,12.8
2026-08-23T03:42:10,V3,2000,100,conditioned_spd_givens,23946256,0,512,32x32,FP32,ordinary_partial_pivoting_parallel_pivot_swap,-1,452.565,11.7847,1.13005e-08,8.74091e-07,2.63827e-06,2.77281e-05,0,400.725,8.8112,0,659.544,18.1896,1087.27,0,0,0,0,0,0,0,12.8
2026-08-23T03:42:12,V3f,2000,100,conditioned_spd_givens,23946256,0,512,32x32,FP32,ordinary_partial_pivoting_parallel_pivot_swap,-1,323.616,16.4804,1.13005e-08,8.74091e-07,2.63827e-06,2.77281e-05,0,411.182,8.3783,0,426.644,17.1807,863.385,0,0,0,0,0,0,0,12.8
2026-08-23T03:42:13,V4,2000,10000,conditioned_spd_givens,23946458,0,512,32x32,FP32,ordinary_partial_pivoting_cusolver_getrf,-1,25.0308,213.071,1.12278e-08,1.07393e-06,0.000380215,0.0053407,0,398.134,8.8953,0,197.297,20.3292,624.656,30.2783,136.428,2.464,0.0194,25.035,0.135,1.992,12.8
2026-08-23T03:42:15,V5a_t32x32,2000,10000,conditioned_spd_givens,23946458,0,512,32x32,FP32,ordinary_partial_pivoting_parallel_pivot_swap,-1,523.054,10.1965,9.25726e-09,1.00334e-06,0.00017897,0.00178744,0,395.645,8.9666,0,735.287,17.5488,1157.45,0,0,0,0,0,0,0,12.8
2026-08-23T03:42:16,V5af_t32x32,2000,10000,conditioned_spd_givens,23946458,0,512,32x32,FP32,ordinary_partial_pivoting_parallel_pivot_swap,-1,398.365,13.3881,9.25726e-09,1.00334e-06,0.00017897,0.00178744,0,405.439,8.773,0,502.586,19.3943,936.193,0,0,0,0,0,0,0,12.8
2026-08-23T03:42:17,V5bf_t32x32,2000,10000,conditioned_spd_givens,23946458,0,512,32x32,FP32,ordinary_partial_pivoting_parallel_pivot_swap,-1,470.959,11.3244,9.25726e-09,1.00334e-06,0.00017897,0.00178744,0,400.181,6.938,0,567.465,20.6735,995.258,0,0,0,0,0,0,0,12.8
2026-08-23T03:42:19,VLU,2000,10000,conditioned_spd_givens,23946458,0,512,32x32,FP32,ordinary_partial_pivoting_custom_lu_parallel_pivot_swap,-1,369.734,14.4248,1.00143e-08,1.25848e-06,0.000494517,0.00637944,0,411.46,8.5977,0,509.675,17.9926,947.725,0,0,0,0,0,0,0,12.8
2026-08-23T03:42:20,V6a_b64,2000,10000,conditioned_spd_givens,23946458,0,512,32x32,FP32,ordinary_partial_pivoting_blocked_lu_cublas,-1,134.829,39.5562,1.10284e-08,8.46828e-07,0.000318599,0.00457013,0,419.854,11.684,0,306.43,17.5085,755.477,31.8477,135.185,2.7073,0,134.832,0.0876,0.7693,12.8
2026-08-23T03:42:21,V6b_b64,2000,10000,conditioned_spd_givens,23946458,0,512,32x32,FP32,ordinary_partial_pivoting_blocked_lu_cublas_fused_swap,-1,116.232,45.8854,1.10284e-08,8.46828e-07,0.000318599,0.00457013,0,394.901,8.5756,0,279.158,24.2117,706.846,28.2672,129.711,2.863,0,116.236,0.098,0.8852,12.8
2026-08-23T03:42:22,V6c_b64,2000,10000,conditioned_spd_givens,23946458,0,512,32x32,FP32,ordinary_partial_pivoting_blocked_lu_cublas_fused_pivot_swap,-1,92.6088,57.5899,1.10284e-08,8.46828e-07,0.000318599,0.00457013,0,403.684,7.4722,0,260.453,18.18,689.79,28.6579,134.051,3.0159,0,92.6127,0.1248,0.8344,12.8
2026-08-23T03:42:23,V6d_b32,2000,10000,conditioned_spd_givens,23946458,0,512,32x32,FP32,ordinary_partial_pivoting_blocked_lu_cublas_adaptive_panel_fused_pivot_swap,-1,107.87,49.4421,1.07179e-08,1.03542e-06,0.000321137,0.00481808,0,397.932,8.5689,0,278.727,17.5419,702.77,27.3102,36.7054,2.7881,0,107.874,0.1345,0.9407,12.8
2026-08-23T03:42:24,V6e_b64,2000,10000,conditioned_spd_givens,23946458,0,512,32x32,FP32,ordinary_partial_pivoting_blocked_lu_cublas_single_panel_deferred_swaps,-1,101.884,52.3472,1.10284e-08,8.46828e-07,0.000318599,0.00457013,0,398.3,8.4455,0,277.009,18.097,701.851,27.4905,142.349,3.1018,0,101.888,0.1018,0.9886,12.8
2026-08-23T03:42:26,V5c_b64,2000,10000,conditioned_spd_givens,23946458,0,512,32x32,FP32,ordinary_partial_pivoting_blocked_lu_custom_rank_b_update,-1,106.836,49.9209,1.09551e-08,8.4404e-07,0.000318601,0.00457013,0,409.44,7.5941,0,271.567,15.6893,704.291,25.2708,134.727,2.901,0,106.84,0.0972,0.8125,12.8
2026-08-23T03:42:29,V1,2000,10000,conditioned_spd_givens,23946458,0,512,32x32,FP32,ordinary_partial_pivoting_serial_pivot_swap,-1,2275.16,2.34416,9.25726e-09,1.00334e-06,0.00017897,0.00178744,0,398.034,7.8893,0,2373.52,20.0856,2799.53,0,0,0,0,0,0,0,12.8
2026-08-23T03:42:32,V2,2000,10000,conditioned_spd_givens,23946458,0,512,32x32,FP32,ordinary_partial_pivoting_parallel_pivot_swap,-1,2339,2.28018,9.25726e-09,1.00334e-06,0.00017897,0.00178744,0,402.543,7.7932,0,2534.33,17.8138,2962.48,0,0,0,0,0,0,0,12.8
2026-08-23T03:42:34,V3,2000,10000,conditioned_spd_givens,23946458,0,512,32x32,FP32,ordinary_partial_pivoting_parallel_pivot_swap,-1,464.199,11.4893,9.25726e-09,1.00334e-06,0.00017897,0.00178744,0,375.498,8.765,0,673.087,16.777,1074.13,0,0,0,0,0,0,0,12.8
2026-08-23T03:42:35,V3f,2000,10000,conditioned_spd_givens,23946458,0,512,32x32,FP32,ordinary_partial_pivoting_parallel_pivot_swap,-1,317.346,16.806,9.25726e-09,1.00334e-06,0.00017897,0.00178744,0,374.396,8.2229,0,425.047,16.7033,824.369,0,0,0,0,0,0,0,12.8
2026-08-23T03:42:36,V4,2000,1e+06,conditioned_spd_givens,23946660,0,512,32x32,FP32,ordinary_partial_pivoting_cusolver_getrf,-1,24.6866,216.042,1.0528e-08,9.57883e-07,0.0242715,0.299958,0,415.663,8.477,0,204.458,17.7972,646.395,29.7089,144.522,2.5201,0.0192,24.6912,0.0994,1.9106,12.8
2026-08-23T03:42:38,V5a_t32x32,2000,1e+06,conditioned_spd_givens,23946660,0,512,32x32,FP32,ordinary_partial_pivoting_parallel_pivot_swap,-1,523.258,10.1925,7.87869e-09,6.89943e-07,0.011089,0.110054,0,397.58,8.6911,0,731.569,21.2183,1159.06,0,0,0,0,0,0,0,12.8
2026-08-23T03:42:39,V5af_t32x32,2000,1e+06,conditioned_spd_givens,23946660,0,512,32x32,FP32,ordinary_partial_pivoting_parallel_pivot_swap,-1,355.814,14.9891,7.87869e-09,6.89943e-07,0.011089,0.110054,0,386.324,7.1317,0,464.876,21.4687,879.801,0,0,0,0,0,0,0,12.8
2026-08-23T03:42:41,V5bf_t32x32,2000,1e+06,conditioned_spd_givens,23946660,0,512,32x32,FP32,ordinary_partial_pivoting_parallel_pivot_swap,-1,469.837,11.3514,7.87869e-09,6.89943e-07,0.011089,0.110054,0,390.912,10.5815,0,571.069,17.0091,989.572,0,0,0,0,0,0,0,12.8
2026-08-23T03:42:42,VLU,2000,1e+06,conditioned_spd_givens,23946660,0,512,32x32,FP32,ordinary_partial_pivoting_custom_lu_parallel_pivot_swap,-1,376.019,14.1837,8.18908e-09,7.59842e-07,0.0245308,0.377315,0,426.577,8.7669,0,480.471,27.0374,942.852,0,0,0,0,0,0,0,12.8
2026-08-23T03:42:43,V6a_b64,2000,1e+06,conditioned_spd_givens,23946660,0,512,32x32,FP32,ordinary_partial_pivoting_blocked_lu_cublas,-1,134.859,39.5476,1.13203e-08,1.09171e-06,0.023792,0.360844,0,414.974,7.9209,0,295.334,31.2163,749.446,26.1531,128.459,2.8625,0,134.863,0.1422,1.7173,12.8
2026-08-23T03:42:45,V6b_b64,2000,1e+06,conditioned_spd_givens,23946660,0,512,32x32,FP32,ordinary_partial_pivoting_blocked_lu_cublas_fused_swap,-1,134.564,39.6343,1.13203e-08,1.09171e-06,0.023792,0.360844,0,378.708,7.3297,0,303.516,18.49,708.044,28.7435,134.702,2.8218,0,134.568,0.1426,1.3011,12.8
2026-08-23T03:42:46,V6c_b64,2000,1e+06,conditioned_spd_givens,23946660,0,512,32x32,FP32,ordinary_partial_pivoting_blocked_lu_cublas_fused_pivot_swap,-1,97.3347,54.7937,1.13203e-08,1.09171e-06,0.023792,0.360844,0,382.125,6.6548,0,278.196,31.3772,698.353,27.5504,147.976,3.0304,0,97.3404,0.099,1.1295,12.8
2026-08-23T03:42:47,V6d_b32,2000,1e+06,conditioned_spd_givens,23946660,0,512,32x32,FP32,ordinary_partial_pivoting_blocked_lu_cublas_adaptive_panel_fused_pivot_swap,-1,95.8832,55.6232,1.02229e-08,7.91559e-07,0.0239978,0.355272,0,379.935,10.5849,0,275.713,17.7604,683.993,28.0518,48.4523,4.0657,0,95.8866,0.0877,0.9045,12.8
2026-08-23T03:42:48,V6e_b64,2000,1e+06,conditioned_spd_givens,23946660,0,512,32x32,FP32,ordinary_partial_pivoting_blocked_lu_cublas_single_panel_deferred_swaps,-1,102.077,52.2479,1.13203e-08,1.09171e-06,0.023792,0.360844,0,391.405,7.9923,0,276.925,15.6199,691.942,29.1962,139.926,3.4742,0,102.081,0.1269,1.0305,12.8
2026-08-23T03:42:49,V5c_b64,2000,1e+06,conditioned_spd_givens,23946660,0,512,32x32,FP32,ordinary_partial_pivoting_blocked_lu_custom_rank_b_update,-1,102.787,51.8875,1.11288e-08,1.10646e-06,0.023792,0.360844,0,381.498,6.5726,0,283.498,19.7001,691.268,26.9491,148.81,2.8651,0,102.791,0.1143,0.8944,12.8
2026-08-23T03:42:52,V1,2000,1e+06,conditioned_spd_givens,23946660,0,512,32x32,FP32,ordinary_partial_pivoting_serial_pivot_swap,-1,2285.13,2.33393,7.87869e-09,6.89943e-07,0.011089,0.110054,0,377.398,10.5129,0,2390.54,18.714,2797.17,0,0,0,0,0,0,0,12.8
2026-08-23T03:42:56,V2,2000,1e+06,conditioned_spd_givens,23946660,0,512,32x32,FP32,ordinary_partial_pivoting_parallel_pivot_swap,-1,2340.7,2.27852,7.87869e-09,6.89943e-07,0.011089,0.110054,0,371.673,8.0368,0,2549.97,17.5535,2947.24,0,0,0,0,0,0,0,12.8
2026-08-23T03:42:57,V3,2000,1e+06,conditioned_spd_givens,23946660,0,512,32x32,FP32,ordinary_partial_pivoting_parallel_pivot_swap,-1,452.03,11.7986,7.87869e-09,6.89943e-07,0.011089,0.110054,0,407.737,8.3189,0,659.97,17.0149,1093.04,0,0,0,0,0,0,0,12.8
2026-08-23T03:42:59,V3f,2000,1e+06,conditioned_spd_givens,23946660,0,512,32x32,FP32,ordinary_partial_pivoting_parallel_pivot_swap,-1,339.319,15.7178,7.87869e-09,6.89943e-07,0.011089,0.110054,0,376.56,8.7796,0,441.216,23.7734,850.329,0,0,0,0,0,0,0,12.8
2026-08-23T03:43:01,V4,4000,100,conditioned_spd_givens,43892256,0,512,32x32,FP32,ordinary_partial_pivoting_cusolver_getrf,-1,75.5084,565.058,7.9295e-09,1.44097e-06,3.6874e-06,5.28812e-05,0,1926.18,30.688,0,376.852,65.4998,2399.22,148.914,135.331,11.1277,0.0295,75.5135,0.1302,1.983,12.8
2026-08-23T03:43:07,V5a_t32x32,4000,100,conditioned_spd_givens,43892256,0,512,32x32,FP32,ordinary_partial_pivoting_parallel_pivot_swap,-1,2739.31,15.5757,1.01804e-08,1.52946e-06,2.28394e-06,2.50101e-05,0,1910.56,28.0095,0,3081.35,71.6439,5091.57,0,0,0,0,0,0,0,12.8
2026-08-23T03:43:12,V5af_t32x32,4000,100,conditioned_spd_givens,43892256,0,512,32x32,FP32,ordinary_partial_pivoting_parallel_pivot_swap,-1,2465.87,17.3029,1.01804e-08,1.52946e-06,2.28394e-06,2.50101e-05,0,2211.98,31.9005,0,2581.92,70.6588,4896.46,0,0,0,0,0,0,0,12.8
2026-08-23T03:43:18,V5bf_t32x32,4000,100,conditioned_spd_givens,43892256,0,512,32x32,FP32,ordinary_partial_pivoting_parallel_pivot_swap,-1,3339.44,12.7766,1.01804e-08,1.52946e-06,2.28394e-06,2.50101e-05,0,1949.75,29.7032,0,3497.44,70.8958,5547.79,0,0,0,0,0,0,0,12.8
2026-08-23T03:43:24,VLU,4000,100,conditioned_spd_givens,43892256,0,512,32x32,FP32,ordinary_partial_pivoting_custom_lu_parallel_pivot_swap,-1,2390.16,17.8509,8.21966e-09,2.60325e-06,5.22344e-06,0.000151277,0,2065.31,33.8303,0,2524.79,70.2525,4694.18,0,0,0,0,0,0,0,12.8
2026-08-23T03:43:27,V6a_b64,4000,100,conditioned_spd_givens,43892256,0,512,32x32,FP32,ordinary_partial_pivoting_blocked_lu_cublas,-1,296.27,144.013,7.90097e-09,1.39351e-06,3.51599e-06,6.42896e-05,0,2182.36,32.6918,0,627.332,73.3598,2915.74,158.255,156.447,10.7441,0,296.28,0.1471,1.3586,12.8
2026-08-23T03:43:30,V6b_b64,4000,100,conditioned_spd_givens,43892256,0,512,32x32,FP32,ordinary_partial_pivoting_blocked_lu_cublas_fused_swap,-1,254.337,167.757,7.90097e-09,1.39351e-06,3.51599e-06,6.42896e-05,0,2052.58,32.6944,0,581.931,68.7632,2735.97,153.388,155.772,10.3109,0,254.342,0.1395,3.0994,12.8
2026-08-23T03:43:33,V6c_b64,4000,100,conditioned_spd_givens,43892256,0,512,32x32,FP32,ordinary_partial_pivoting_blocked_lu_cublas_fused_pivot_swap,-1,184.213,231.616,7.90097e-09,1.39351e-06,3.51599e-06,6.42896e-05,0,2009.47,32.9563,0,503.201,96.1657,2641.8,148.002,155.508,10.1084,0,184.217,0.1015,0.9982,12.8
2026-08-23T03:43:37,V6d_b32,4000,100,conditioned_spd_givens,43892256,0,512,32x32,FP32,ordinary_partial_pivoting_blocked_lu_cublas_adaptive_panel_fused_pivot_swap,-1,203.5,209.664,7.96639e-09,1.47041e-06,3.53679e-06,6.40512e-05,0,1984.37,29.2887,0,524.677,75.184,2613.52,145.265,39.0156,11.693,0,203.504,0.0959,0.859,12.8
2026-08-23T03:43:40,V6e_b64,4000,100,conditioned_spd_givens,43892256,0,512,32x32,FP32,ordinary_partial_pivoting_blocked_lu_cublas_single_panel_deferred_swaps,-1,284.242,150.107,7.90097e-09,1.39351e-06,3.51599e-06,6.42896e-05,0,1966.54,32.2255,0,610.004,71.5449,2680.32,154.998,147.481,11.1461,0,284.246,0.1516,8.114,12.8
2026-08-23T03:43:43,V5c_b64,4000,100,conditioned_spd_givens,43892256,0,512,32x32,FP32,ordinary_partial_pivoting_blocked_lu_custom_rank_b_update,-1,334.318,127.623,7.9064e-09,1.39388e-06,3.51517e-06,6.42896e-05,0,1901.7,21.607,0,584.584,58.6335,2566.53,120.727,115.295,9.9264,0,334.321,0.131,0.8168,12.8
2026-08-23T03:43:59,V1,4000,100,conditioned_spd_givens,43892256,0,512,32x32,FP32,ordinary_partial_pivoting_serial_pivot_swap,-1,14440.2,2.95471,1.01804e-08,1.52946e-06,2.28394e-06,2.50101e-05,0,1562.32,21.3461,0,14539.6,64.2356,16187.5,0,0,0,0,0,0,0,12.8
2026-08-23T03:44:16,V2,4000,100,conditioned_spd_givens,43892256,0,512,32x32,FP32,ordinary_partial_pivoting_parallel_pivot_swap,-1,14564.5,2.92949,1.01804e-08,1.52946e-06,2.28394e-06,2.50101e-05,0,1649.67,29.5771,0,14899.2,74.7594,16653.2,0,0,0,0,0,0,0,12.8
2026-08-23T03:44:22,V3,4000,100,conditioned_spd_givens,43892256,0,512,32x32,FP32,ordinary_partial_pivoting_parallel_pivot_swap,-1,2489.98,17.1353,1.01804e-08,1.52946e-06,2.28394e-06,2.50101e-05,0,2018.74,30.517,0,2841.47,84.639,4975.37,0,0,0,0,0,0,0,12.8
2026-08-23T03:44:27,V3f,4000,100,conditioned_spd_givens,43892256,0,512,32x32,FP32,ordinary_partial_pivoting_parallel_pivot_swap,-1,2199.54,19.398,1.01804e-08,1.52946e-06,2.28394e-06,2.50101e-05,0,2185.42,30.8595,0,2339.52,86.7288,4642.53,0,0,0,0,0,0,0,12.8
2026-08-23T03:44:31,V4,4000,10000,conditioned_spd_givens,43892458,0,512,32x32,FP32,ordinary_partial_pivoting_cusolver_getrf,-1,77.5147,550.434,8.30679e-09,1.34852e-06,0.000311094,0.00611522,0,2403.14,36.0931,0,465.788,89.1487,2994.17,182.138,186.081,11.4607,0.0259,77.516,0.1625,2.6807,12.8
2026-08-23T03:44:37,V5a_t32x32,4000,10000,conditioned_spd_givens,43892458,0,512,32x32,FP32,ordinary_partial_pivoting_parallel_pivot_swap,-1,2886.07,14.7836,8.31008e-09,1.0858e-06,0.000151355,0.00233004,0,2631.38,42.2839,0,3308.99,93.832,6076.48,0,0,0,0,0,0,0,12.8
2026-08-23T03:44:44,V5af_t32x32,4000,10000,conditioned_spd_givens,43892458,0,512,32x32,FP32,ordinary_partial_pivoting_parallel_pivot_swap,-1,2483.79,17.178,8.31008e-09,1.0858e-06,0.000151355,0.00233004,0,2827.5,40.6126,0,2667.47,105.942,5641.53,0,0,0,0,0,0,0,12.8
2026-08-23T03:44:51,V5bf_t32x32,4000,10000,conditioned_spd_givens,43892458,0,512,32x32,FP32,ordinary_partial_pivoting_parallel_pivot_swap,-1,3350.86,12.733,8.31008e-09,1.0858e-06,0.000151355,0.00233004,0,2700.38,38.203,0,3536.84,87.8682,6363.28,0,0,0,0,0,0,0,12.8
2026-08-23T03:44:56,VLU,4000,10000,conditioned_spd_givens,43892458,0,512,32x32,FP32,ordinary_partial_pivoting_custom_lu_parallel_pivot_swap,-1,2391.83,17.8385,6.84925e-09,1.04592e-06,0.000382421,0.00723417,0,2438.4,40.9721,0,2551.86,84.6679,5115.9,0,0,0,0,0,0,0,12.8
2026-08-23T03:45:00,V6a_b64,4000,10000,conditioned_spd_givens,43892458,0,512,32x32,FP32,ordinary_partial_pivoting_blocked_lu_cublas,-1,326.998,130.48,8.36641e-09,1.19316e-06,0.000285451,0.0056003,0,2326.38,32.6259,0,696.947,80.9101,3136.87,171.78,175.652,15.175,0,327.002,0.18,1.505,12.8
2026-08-23T03:45:04,V6b_b64,4000,10000,conditioned_spd_givens,43892458,0,512,32x32,FP32,ordinary_partial_pivoting_blocked_lu_cublas_fused_swap,-1,263.426,161.968,8.36641e-09,1.19316e-06,0.000285451,0.0056003,0,2514.45,33.3952,0,634.825,76.8013,3259.47,178.562,176.213,11.3382,0,263.429,0.1018,0.9402,12.8
2026-08-23T03:45:07,V6c_b64,4000,10000,conditioned_spd_givens,43892458,0,512,32x32,FP32,ordinary_partial_pivoting_blocked_lu_cublas_fused_pivot_swap,-1,205.228,207.899,8.36641e-09,1.19316e-06,0.000285451,0.0056003,0,2158.23,31.7523,0,585.607,70.7163,2846.3,167.836,191.073,15.3262,0,205.231,0.1457,1.3212,12.8
2026-08-23T03:45:10,V6d_b32,4000,10000,conditioned_spd_givens,43892458,0,512,32x32,FP32,ordinary_partial_pivoting_blocked_lu_cublas_adaptive_panel_fused_pivot_swap,-1,225.96,188.824,7.95128e-09,1.1341e-06,0.00027914,0.00598469,0,2167.77,41.39,0,562.907,71.8949,2843.96,162.747,39.1236,11.2518,0,225.966,0.1055,0.9998,12.8
2026-08-23T03:45:14,V6e_b64,4000,10000,conditioned_spd_givens,43892458,0,512,32x32,FP32,ordinary_partial_pivoting_blocked_lu_cublas_single_panel_deferred_swaps,-1,318.047,134.152,8.36641e-09,1.19316e-06,0.000285451,0.0056003,0,2037.98,29.7775,0,670.596,71.3714,2809.72,183.993,149.313,12.9932,0,318.05,0.1384,1.0749,12.8
2026-08-23T03:45:16,V5c_b64,4000,10000,conditioned_spd_givens,43892458,0,512,32x32,FP32,ordinary_partial_pivoting_blocked_lu_custom_rank_b_update,-1,372.847,114.435,8.41173e-09,1.23213e-06,0.000285451,0.0056003,0,1544.47,22.4699,0,635,58.9603,2260.9,119.883,126.145,10.559,0,372.875,0.1469,0.844,12.8
2026-08-23T03:45:33,V1,4000,10000,conditioned_spd_givens,43892458,0,512,32x32,FP32,ordinary_partial_pivoting_serial_pivot_swap,-1,14433.9,2.95601,8.31008e-09,1.0858e-06,0.000151355,0.00233004,0,1610,27.4795,0,14544.4,61.3285,16243.2,0,0,0,0,0,0,0,12.8
2026-08-23T03:45:50,V2,4000,10000,conditioned_spd_givens,43892458,0,512,32x32,FP32,ordinary_partial_pivoting_parallel_pivot_swap,-1,14550.4,2.93234,8.31008e-09,1.0858e-06,0.000151355,0.00233004,0,1696.33,27.5334,0,14861.7,71.7296,16657.3,0,0,0,0,0,0,0,12.8
2026-08-23T03:45:56,V3,4000,10000,conditioned_spd_givens,43892458,0,512,32x32,FP32,ordinary_partial_pivoting_parallel_pivot_swap,-1,2553.39,16.7098,8.31008e-09,1.0858e-06,0.000151355,0.00233004,0,2050.68,29.326,0,2958.24,86.2432,5124.49,0,0,0,0,0,0,0,12.8
2026-08-23T03:46:01,V3f,4000,10000,conditioned_spd_givens,43892458,0,512,32x32,FP32,ordinary_partial_pivoting_parallel_pivot_swap,-1,2202.01,19.3762,8.31008e-09,1.0858e-06,0.000151355,0.00233004,0,2250.14,37.669,0,2335.82,82.4413,4706.07,0,0,0,0,0,0,0,12.8
2026-08-23T03:46:05,V4,4000,1e+06,conditioned_spd_givens,43892660,0,512,32x32,FP32,ordinary_partial_pivoting_cusolver_getrf,-1,79.4439,537.066,7.51087e-09,1.90447e-06,0.0212823,0.481594,0,2534.89,39.1724,0,488.767,91.3464,3154.17,174.785,211.695,12.9623,0.032,79.4472,0.1541,2.7091,12.8
2026-08-23T03:46:12,V5a_t32x32,4000,1e+06,conditioned_spd_givens,43892660,0,512,32x32,FP32,ordinary_partial_pivoting_parallel_pivot_swap,-1,2887,14.7789,7.50718e-09,1.06558e-06,0.0147301,0.252189,0,2643.16,53.3596,0,3379.39,104.533,6180.44,0,0,0,0,0,0,0,12.8
2026-08-23T03:46:17,V5af_t32x32,4000,1e+06,conditioned_spd_givens,43892660,0,512,32x32,FP32,ordinary_partial_pivoting_parallel_pivot_swap,-1,2477.41,17.2223,7.50718e-09,1.06558e-06,0.0147301,0.252189,0,2642.98,39.1232,0,2646.51,84.3026,5412.92,0,0,0,0,0,0,0,12.8
2026-08-23T03:46:24,V5bf_t32x32,4000,1e+06,conditioned_spd_givens,43892660,0,512,32x32,FP32,ordinary_partial_pivoting_parallel_pivot_swap,-1,3349.94,12.7365,7.50718e-09,1.06558e-06,0.0147301,0.252189,0,2626.24,38.4795,0,3504.68,87.5364,6256.94,0,0,0,0,0,0,0,12.8
2026-08-23T03:46:30,VLU,4000,1e+06,conditioned_spd_givens,43892660,0,512,32x32,FP32,ordinary_partial_pivoting_custom_lu_parallel_pivot_swap,-1,2393.4,17.8268,6.34061e-09,9.24696e-07,0.027156,0.552127,0,2228.1,32.6666,0,2524.3,75.6148,4860.69,0,0,0,0,0,0,0,12.8
2026-08-23T03:46:33,V6a_b64,4000,1e+06,conditioned_spd_givens,43892660,0,512,32x32,FP32,ordinary_partial_pivoting_blocked_lu_cublas,-1,332.541,128.305,7.3935e-09,9.11581e-07,0.0174389,0.401272,0,2163.46,36.2296,0,680.296,76.3792,2956.37,153.007,177.624,11.1754,0,332.545,0.1278,1.2645,12.8
2026-08-23T03:46:37,V6b_b64,4000,1e+06,conditioned_spd_givens,43892660,0,512,32x32,FP32,ordinary_partial_pivoting_blocked_lu_cublas_fused_swap,-1,299.559,142.431,7.3935e-09,9.11581e-07,0.0174389,0.401272,0,2192.25,40.1629,0,692.35,77.4271,3002.19,187.767,186.66,12.8696,0,299.562,0.1154,0.9819,12.8
2026-08-23T03:46:40,V6c_b64,4000,1e+06,conditioned_spd_givens,43892660,0,512,32x32,FP32,ordinary_partial_pivoting_blocked_lu_cublas_fused_pivot_swap,-1,222.795,191.507,7.3935e-09,9.11581e-07,0.0174389,0.401272,0,2053.05,30.1711,0,551.807,77.5721,2712.6,158.403,154.559,10.717,0,222.798,0.0921,1.1781,12.8
2026-08-23T03:46:43,V6d_b32,4000,1e+06,conditioned_spd_givens,43892660,0,512,32x32,FP32,ordinary_partial_pivoting_blocked_lu_cublas_adaptive_panel_fused_pivot_swap,-1,225.95,188.833,7.552e-09,1.87525e-06,0.017397,0.404332,0,2018.58,28.4565,0,538.947,75.4379,2661.42,151.429,36.8842,10.2661,0,225.955,0.1451,1.358,12.8
2026-08-23T03:46:46,V6e_b64,4000,1e+06,conditioned_spd_givens,43892660,0,512,32x32,FP32,ordinary_partial_pivoting_blocked_lu_cublas_single_panel_deferred_swaps,-1,324.855,131.341,7.3935e-09,9.11581e-07,0.0174389,0.401272,0,1972.48,29.8371,0,642.911,74.2032,2719.43,156.929,145.747,10.0981,0,324.861,0.1118,1.1197,12.8
2026-08-23T03:46:49,V5c_b64,4000,1e+06,conditioned_spd_givens,43892660,0,512,32x32,FP32,ordinary_partial_pivoting_blocked_lu_custom_rank_b_update,-1,326.199,130.799,7.33885e-09,8.91631e-07,0.0174389,0.401272,0,1835.46,22.1493,0,577.139,53.177,2487.93,110.171,126.687,9.8037,0,326.205,0.0981,0.9677,12.8
2026-08-23T03:47:06,V1,4000,1e+06,conditioned_spd_givens,43892660,0,512,32x32,FP32,ordinary_partial_pivoting_serial_pivot_swap,-1,14424.7,2.95788,7.50718e-09,1.06558e-06,0.0147301,0.252189,0,1552.63,23.0761,0,14521.6,56.7732,16154.1,0,0,0,0,0,0,0,12.8
2026-08-23T03:47:23,V2,4000,1e+06,conditioned_spd_givens,43892660,0,512,32x32,FP32,ordinary_partial_pivoting_parallel_pivot_swap,-1,14563.9,2.92962,7.50718e-09,1.06558e-06,0.0147301,0.252189,0,1633.43,25.5553,0,14890.5,72.2222,16621.7,0,0,0,0,0,0,0,12.8
2026-08-23T03:47:28,V3,4000,1e+06,conditioned_spd_givens,43892660,0,512,32x32,FP32,ordinary_partial_pivoting_parallel_pivot_swap,-1,2474.57,17.242,7.50718e-09,1.06558e-06,0.0147301,0.252189,0,1903.82,28.7591,0,2796.13,81.8861,4810.6,0,0,0,0,0,0,0,12.8
2026-08-23T03:47:33,V3f,4000,1e+06,conditioned_spd_givens,43892660,0,512,32x32,FP32,ordinary_partial_pivoting_parallel_pivot_swap,-1,2193.54,19.4511,7.50718e-09,1.06558e-06,0.0147301,0.252189,0,2049.17,32.0946,0,2336.98,93.9411,4512.18,0,0,0,0,0,0,0,12.8
2026-08-23T03:47:35,V5a_t32x32,2000,100,conditioned_spd_givens,24946259,0,512,32x32,FP32,ordinary_partial_pivoting_parallel_pivot_swap,-1,538.523,9.90363,1.18106e-08,9.08114e-07,2.63676e-06,2.54393e-05,0,460.272,8.2636,0,763.875,19.6409,1252.05,0,0,0,0,0,0,0,12.8
2026-08-23T03:47:37,V5af_t32x32,2000,100,conditioned_spd_givens,24946259,0,512,32x32,FP32,ordinary_partial_pivoting_parallel_pivot_swap,-1,373.348,14.2851,1.18106e-08,9.08114e-07,2.63676e-06,2.54393e-05,0,504.826,7.9068,0,497.877,20.8509,1031.46,0,0,0,0,0,0,0,12.8
2026-08-23T03:47:38,V5bf_t32x32,2000,100,conditioned_spd_givens,24946259,0,512,32x32,FP32,ordinary_partial_pivoting_parallel_pivot_swap,-1,486.189,10.9697,1.18106e-08,9.08114e-07,2.63676e-06,2.54393e-05,0,488.965,8.5916,0,606.287,21.3599,1125.2,0,0,0,0,0,0,0,12.8
2026-08-23T03:47:40,VLU,2000,100,conditioned_spd_givens,24946259,0,512,32x32,FP32,ordinary_partial_pivoting_custom_lu_parallel_pivot_swap,-1,377.25,14.1374,9.73341e-09,8.32305e-07,5.51228e-06,5.59568e-05,0,510.385,9.0459,0,529.873,21.7016,1071.01,0,0,0,0,0,0,0,12.8
2026-08-23T03:47:41,V6a_b64,2000,100,conditioned_spd_givens,24946259,0,512,32x32,FP32,ordinary_partial_pivoting_blocked_lu_cublas,-1,174.48,30.5671,1.22299e-08,1.47357e-06,4.90757e-06,6.82354e-05,0,553.764,10.0475,0,421.09,26.0115,1010.91,34.7421,205.652,3.2895,0,174.483,0.1681,1.2944,12.8
2026-08-23T03:47:43,V6b_b64,2000,100,conditioned_spd_givens,24946259,0,512,32x32,FP32,ordinary_partial_pivoting_blocked_lu_cublas_fused_swap,-1,190.062,28.061,1.22299e-08,1.47357e-06,4.90757e-06,6.82354e-05,0,557.241,9.4147,0,445.647,28.6612,1040.96,36.9087,210.644,4.4959,0,190.065,0.142,1.7029,12.8
2026-08-23T03:47:45,V6c_b64,2000,100,conditioned_spd_givens,24946259,0,512,32x32,FP32,ordinary_partial_pivoting_blocked_lu_cublas_fused_pivot_swap,-1,127.091,41.9648,1.22299e-08,1.47357e-06,4.90757e-06,6.82354e-05,0,609.537,15.0238,0,384.411,32.1596,1041.13,36.9611,213.733,3.943,0,127.094,0.1093,1.1055,12.8
2026-08-23T03:47:46,V6d_b32,2000,100,conditioned_spd_givens,24946259,0,512,32x32,FP32,ordinary_partial_pivoting_blocked_lu_cublas_adaptive_panel_fused_pivot_swap,-1,153.394,34.7689,1.22716e-08,1.40901e-06,4.74642e-06,6.23941e-05,0,584.158,14.838,0,415.327,26.9644,1041.29,45.0693,50.0893,3.3816,0,153.399,0.2017,2.2511,12.8
2026-08-23T03:47:48,V6e_b64,2000,100,conditioned_spd_givens,24946259,0,512,32x32,FP32,ordinary_partial_pivoting_blocked_lu_cublas_single_panel_deferred_swaps,-1,103.625,51.4675,1.22299e-08,1.47357e-06,4.90757e-06,6.82354e-05,0,597.501,13.9135,0,361.081,31.1027,1003.6,44.0547,207.467,3.5326,0,103.629,0.1232,1.0545,12.8
2026-08-23T03:47:50,V5c_b64,2000,100,conditioned_spd_givens,24946259,0,512,32x32,FP32,ordinary_partial_pivoting_blocked_lu_custom_rank_b_update,-1,139.525,38.2249,1.22532e-08,1.4738e-06,4.90687e-06,6.82354e-05,0,608.666,9.6416,0,419.685,27.9199,1065.91,36.0268,236.433,4.3167,0,139.527,0.1954,1.4987,12.8
2026-08-23T03:47:53,V1,2000,100,conditioned_spd_givens,24946259,0,512,32x32,FP32,ordinary_partial_pivoting_serial_pivot_swap,-1,2271.46,2.34797,1.18106e-08,9.08114e-07,2.63676e-06,2.54393e-05,0,546.001,9.4788,0,2449.29,25.2119,3029.98,0,0,0,0,0,0,0,12.8
2026-08-23T03:47:57,V2,2000,100,conditioned_spd_givens,24946259,0,512,32x32,FP32,ordinary_partial_pivoting_parallel_pivot_swap,-1,2388.58,2.23285,1.18106e-08,9.08114e-07,2.63676e-06,2.54393e-05,0,538.079,8.8267,0,2626.22,24.8666,3197.99,0,0,0,0,0,0,0,12.8
2026-08-23T03:47:59,V3,2000,100,conditioned_spd_givens,24946259,0,512,32x32,FP32,ordinary_partial_pivoting_parallel_pivot_swap,-1,489.61,10.893,1.18106e-08,9.08114e-07,2.63676e-06,2.54393e-05,0,515.588,9.2252,0,747.226,27.337,1299.38,0,0,0,0,0,0,0,12.8
2026-08-23T03:48:00,V3f,2000,100,conditioned_spd_givens,24946259,0,512,32x32,FP32,ordinary_partial_pivoting_parallel_pivot_swap,-1,329.515,16.1854,1.18106e-08,9.08114e-07,2.63676e-06,2.54393e-05,0,503.954,7.5668,0,475.998,23.3231,1010.84,0,0,0,0,0,0,0,12.8
2026-08-23T03:48:02,V4,2000,100,conditioned_spd_givens,24946259,0,512,32x32,FP32,ordinary_partial_pivoting_cusolver_getrf,-1,27.721,192.394,1.24877e-08,1.48142e-06,5.0477e-06,6.84738e-05,0,517.466,7.8964,0,245.508,19.9055,790.776,31.2722,180.628,2.7134,0.0235,27.7492,0.1366,1.9126,12.8
2026-08-23T03:48:03,V5a_t32x32,2000,10000,conditioned_spd_givens,24946461,0,512,32x32,FP32,ordinary_partial_pivoting_parallel_pivot_swap,-1,575.896,9.26093,8.97283e-09,6.91243e-07,0.000206205,0.00359056,0,571.438,8.3082,0,819.924,20.3221,1419.99,0,0,0,0,0,0,0,12.8
2026-08-23T03:48:05,V5af_t32x32,2000,10000,conditioned_spd_givens,24946461,0,512,32x32,FP32,ordinary_partial_pivoting_parallel_pivot_swap,-1,364.569,14.6291,8.97283e-09,6.91243e-07,0.000206205,0.00359056,0,457.489,7.6842,0,490.895,19.6657,975.735,0,0,0,0,0,0,0,12.8
2026-08-23T03:48:07,V5bf_t32x32,2000,10000,conditioned_spd_givens,24946461,0,512,32x32,FP32,ordinary_partial_pivoting_parallel_pivot_swap,-1,475.237,11.2225,8.97283e-09,6.91243e-07,0.000206205,0.00359056,0,493.419,7.5289,0,584.262,19.7792,1104.99,0,0,0,0,0,0,0,12.8
2026-08-23T03:48:08,VLU,2000,10000,conditioned_spd_givens,24946461,0,512,32x32,FP32,ordinary_partial_pivoting_custom_lu_parallel_pivot_swap,-1,420.694,12.6775,9.6125e-09,1.66239e-06,0.000440482,0.00704452,0,433.812,8.9764,0,533.987,27.7293,1004.5,0,0,0,0,0,0,0,12.8
2026-08-23T03:48:09,V6a_b64,2000,10000,conditioned_spd_givens,24946461,0,512,32x32,FP32,ordinary_partial_pivoting_blocked_lu_cublas,-1,182.919,29.1568,1.10375e-08,1.27917e-06,0.000267554,0.00380843,0,465.866,10.3102,0,378.845,24.6206,879.642,30.3487,159.903,3.2469,0,182.921,0.1335,0.9089,12.8
2026-08-23T03:48:11,V6b_b64,2000,10000,conditioned_spd_givens,24946461,0,512,32x32,FP32,ordinary_partial_pivoting_blocked_lu_cublas_fused_swap,-1,147.139,36.2469,1.10375e-08,1.27917e-06,0.000267554,0.00380843,0,458.22,7.142,0,369.931,21.7736,857.067,34.4268,181.848,3.9033,0,147.143,0.1587,1.2479,12.8
2026-08-23T03:48:12,V6c_b64,2000,10000,conditioned_spd_givens,24946461,0,512,32x32,FP32,ordinary_partial_pivoting_blocked_lu_cublas_fused_pivot_swap,-1,96.8096,55.0909,1.10375e-08,1.27917e-06,0.000267554,0.00380843,0,498.02,9.6321,0,281.479,19.3725,808.504,29.1441,150.012,2.9051,0,96.8141,0.1454,1.1173,12.8
2026-08-23T03:48:13,V6d_b32,2000,10000,conditioned_spd_givens,24946461,0,512,32x32,FP32,ordinary_partial_pivoting_blocked_lu_cublas_adaptive_panel_fused_pivot_swap,-1,105.812,50.4037,1.09477e-08,1.11293e-06,0.000249981,0.00345771,0,428.686,7.9023,0,296.508,24.0669,757.163,30.0541,45.9055,3.4343,0,105.818,0.2087,1.2294,12.8
2026-08-23T03:48:15,V6e_b64,2000,10000,conditioned_spd_givens,24946461,0,512,32x32,FP32,ordinary_partial_pivoting_blocked_lu_cublas_single_panel_deferred_swaps,-1,102.848,51.8565,1.10375e-08,1.27917e-06,0.000267554,0.00380843,0,418.451,9.3507,0,281.212,20.2923,729.306,28.3247,144.372,2.8619,0,102.853,0.1341,1.3399,12.8
2026-08-23T03:48:16,V5c_b64,2000,10000,conditioned_spd_givens,24946461,0,512,32x32,FP32,ordinary_partial_pivoting_blocked_lu_custom_rank_b_update,-1,124.443,42.8578,1.10403e-08,1.27827e-06,0.000267554,0.00380843,0,411.286,8.7195,0,306.741,17.3556,744.102,28.6993,147.399,3.2329,0,124.446,0.1544,1.2612,12.8
2026-08-23T03:48:19,V1,2000,10000,conditioned_spd_givens,24946461,0,512,32x32,FP32,ordinary_partial_pivoting_serial_pivot_swap,-1,2282.81,2.3363,8.97283e-09,6.91243e-07,0.000206205,0.00359056,0,406.587,9.3682,0,2394.96,24.2234,2835.14,0,0,0,0,0,0,0,12.8
2026-08-23T03:48:23,V2,2000,10000,conditioned_spd_givens,24946461,0,512,32x32,FP32,ordinary_partial_pivoting_parallel_pivot_swap,-1,2345.1,2.27425,8.97283e-09,6.91243e-07,0.000206205,0.00359056,0,416.874,9.3321,0,2570.01,17.4605,3013.68,0,0,0,0,0,0,0,12.8
2026-08-23T03:48:24,V3,2000,10000,conditioned_spd_givens,24946461,0,512,32x32,FP32,ordinary_partial_pivoting_parallel_pivot_swap,-1,446.536,11.9438,8.97283e-09,6.91243e-07,0.000206205,0.00359056,0,396.494,10.4542,0,659.604,18.8724,1085.42,0,0,0,0,0,0,0,12.8
2026-08-23T03:48:26,V3f,2000,10000,conditioned_spd_givens,24946461,0,512,32x32,FP32,ordinary_partial_pivoting_parallel_pivot_swap,-1,319.877,16.6731,8.97283e-09,6.91243e-07,0.000206205,0.00359056,0,415.858,8.8048,0,433.221,21.2644,879.148,0,0,0,0,0,0,0,12.8
2026-08-23T03:48:27,V4,2000,10000,conditioned_spd_givens,24946461,0,512,32x32,FP32,ordinary_partial_pivoting_cusolver_getrf,-1,34.3521,155.255,1.12546e-08,1.04281e-06,0.00032888,0.00477629,0,441.614,7.7353,0,230.228,21.1644,700.742,30.4507,158.762,3.0362,0.03,34.3555,0.139,1.9797,12.8
2026-08-23T03:48:28,V5a_t32x32,2000,1e+06,conditioned_spd_givens,24946663,0,512,32x32,FP32,ordinary_partial_pivoting_parallel_pivot_swap,-1,519.18,10.2726,8.1231e-09,6.65874e-07,0.0151471,0.183018,0,409.977,8.3023,0,734.697,20.807,1173.78,0,0,0,0,0,0,0,12.8
2026-08-23T03:48:30,V5af_t32x32,2000,1e+06,conditioned_spd_givens,24946663,0,512,32x32,FP32,ordinary_partial_pivoting_parallel_pivot_swap,-1,354.299,15.0532,8.1231e-09,6.65874e-07,0.0151471,0.183018,0,398.02,8.1976,0,453.11,17.819,877.146,0,0,0,0,0,0,0,12.8
2026-08-23T03:48:31,V5bf_t32x32,2000,1e+06,conditioned_spd_givens,24946663,0,512,32x32,FP32,ordinary_partial_pivoting_parallel_pivot_swap,-1,474.221,11.2465,8.1231e-09,6.65874e-07,0.0151471,0.183018,0,378.422,7.0573,0,584.464,29.4586,999.401,0,0,0,0,0,0,0,12.8
2026-08-23T03:48:33,VLU,2000,1e+06,conditioned_spd_givens,24946663,0,512,32x32,FP32,ordinary_partial_pivoting_custom_lu_parallel_pivot_swap,-1,374.546,14.2394,9.05859e-09,1.08028e-06,0.0353849,0.626459,0,375.169,7.9247,0,480.659,21.6598,885.413,0,0,0,0,0,0,0,12.8
2026-08-23T03:48:34,V6a_b64,2000,1e+06,conditioned_spd_givens,24946663,0,512,32x32,FP32,ordinary_partial_pivoting_blocked_lu_cublas,-1,138.475,38.5148,1.21112e-08,9.47333e-07,0.0227969,0.339114,0,385.865,8.4075,0,293.109,29.3148,716.696,28.2696,121.467,2.9273,0,138.478,0.0886,0.841,12.8
2026-08-23T03:48:35,V6b_b64,2000,1e+06,conditioned_spd_givens,24946663,0,512,32x32,FP32,ordinary_partial_pivoting_blocked_lu_cublas_fused_swap,-1,116.17,45.9097,1.21112e-08,9.47333e-07,0.0227969,0.339114,0,397.191,7.4243,0,286.634,17.4041,708.654,26.5933,139.069,2.8869,0,116.173,0.0879,0.86,12.8
2026-08-23T03:48:36,V6c_b64,2000,1e+06,conditioned_spd_givens,24946663,0,512,32x32,FP32,ordinary_partial_pivoting_blocked_lu_cublas_fused_pivot_swap,-1,89.9392,59.2993,1.21112e-08,9.47333e-07,0.0227969,0.339114,0,450.875,8.5997,0,251.015,32.4845,742.974,29.6889,126.326,2.8556,0,89.9454,0.1378,1.0133,12.8
2026-08-23T03:48:38,V6d_b32,2000,1e+06,conditioned_spd_givens,24946663,0,512,32x32,FP32,ordinary_partial_pivoting_blocked_lu_cublas_adaptive_panel_fused_pivot_swap,-1,87.7445,60.7825,1.14624e-08,1.0558e-06,0.0233203,0.345529,0,426.644,10.2858,0,248.556,16.957,702.443,24.0122,36.8209,2.7468,0,87.7496,0.1194,1.0663,12.8
2026-08-23T03:48:39,V6e_b64,2000,1e+06,conditioned_spd_givens,24946663,0,512,32x32,FP32,ordinary_partial_pivoting_blocked_lu_cublas_single_panel_deferred_swaps,-1,101.085,52.7608,1.21112e-08,9.47333e-07,0.0227969,0.339114,0,391.089,8.2031,0,264.172,28.279,691.743,28.8468,129.166,3.1633,0,101.077,0.0878,0.8821,12.8
2026-08-23T03:48:40,V5c_b64,2000,1e+06,conditioned_spd_givens,24946663,0,512,32x32,FP32,ordinary_partial_pivoting_blocked_lu_custom_rank_b_update,-1,175.892,30.3216,1.19497e-08,8.73829e-07,0.0227969,0.339114,0,371.484,8.1462,0,347.977,19.5889,747.196,30.3926,135.711,4.0214,0,175.918,0.1828,0.7264,12.8
2026-08-23T03:48:43,V1,2000,1e+06,conditioned_spd_givens,24946663,0,512,32x32,FP32,ordinary_partial_pivoting_serial_pivot_swap,-1,2264.68,2.355,8.1231e-09,6.65874e-07,0.0151471,0.183018,0,360.929,7.3328,0,2368.99,17.8941,2755.14,0,0,0,0,0,0,0,12.8
2026-08-23T03:48:47,V2,2000,1e+06,conditioned_spd_givens,24946663,0,512,32x32,FP32,ordinary_partial_pivoting_parallel_pivot_swap,-1,2326,2.29292,8.1231e-09,6.65874e-07,0.0151471,0.183018,0,360.078,7.5945,0,2520.42,28.3153,2916.41,0,0,0,0,0,0,0,12.8
2026-08-23T03:48:48,V3,2000,1e+06,conditioned_spd_givens,24946663,0,512,32x32,FP32,ordinary_partial_pivoting_parallel_pivot_swap,-1,451.909,11.8018,8.1231e-09,6.65874e-07,0.0151471,0.183018,0,355.009,8.855,0,657.575,17.2063,1038.65,0,0,0,0,0,0,0,12.8
2026-08-23T03:48:49,V3f,2000,1e+06,conditioned_spd_givens,24946663,0,512,32x32,FP32,ordinary_partial_pivoting_parallel_pivot_swap,-1,326.943,16.3127,8.1231e-09,6.65874e-07,0.0151471,0.183018,0,386.542,7.5955,0,421.604,15.0209,830.763,0,0,0,0,0,0,0,12.8
2026-08-23T03:48:50,V4,2000,1e+06,conditioned_spd_givens,24946663,0,512,32x32,FP32,ordinary_partial_pivoting_cusolver_getrf,-1,23.1716,230.167,1.2553e-08,9.8526e-07,0.0249365,0.361419,0,386.676,9.0882,0,188.243,15.3377,599.344,30.529,129.095,2.4577,0.0183,23.2137,0.1126,1.8615,12.8
2026-08-23T03:48:56,V5a_t32x32,4000,100,conditioned_spd_givens,44892259,0,512,32x32,FP32,ordinary_partial_pivoting_parallel_pivot_swap,-1,2696.78,15.8214,1.05847e-08,1.64916e-06,2.48148e-06,3.38316e-05,0,1792.17,29.5353,0,3000.66,60.1169,4882.48,0,0,0,0,0,0,0,12.8
2026-08-23T03:49:01,V5af_t32x32,4000,100,conditioned_spd_givens,44892259,0,512,32x32,FP32,ordinary_partial_pivoting_parallel_pivot_swap,-1,2456.11,17.3717,1.05847e-08,1.64916e-06,2.48148e-06,3.38316e-05,0,1736.38,29.4632,0,2571.38,72.5944,4409.82,0,0,0,0,0,0,0,12.8
2026-08-23T03:49:07,V5bf_t32x32,4000,100,conditioned_spd_givens,44892259,0,512,32x32,FP32,ordinary_partial_pivoting_parallel_pivot_swap,-1,3340.2,12.7737,1.05847e-08,1.64916e-06,2.48148e-06,3.38316e-05,0,1777.64,28.4564,0,3462.06,65.5235,5333.68,0,0,0,0,0,0,0,12.8
2026-08-23T03:49:12,VLU,4000,100,conditioned_spd_givens,44892259,0,512,32x32,FP32,ordinary_partial_pivoting_custom_lu_parallel_pivot_swap,-1,2378.69,17.9371,8.00588e-09,2.42054e-06,5.57713e-06,0.000137091,0,1967.88,30.2045,0,2514.81,64.7121,4577.61,0,0,0,0,0,0,0,12.8
2026-08-23T03:49:15,V6a_b64,4000,100,conditioned_spd_givens,44892259,0,512,32x32,FP32,ordinary_partial_pivoting_blocked_lu_cublas,-1,285.254,149.574,7.97542e-09,1.40666e-06,3.45628e-06,6.10113e-05,0,1959.64,32.3709,0,604.46,71.7928,2668.27,160.711,142.882,10.8805,0,285.258,0.1004,0.8571,12.8
2026-08-23T03:49:18,V6b_b64,4000,100,conditioned_spd_givens,44892259,0,512,32x32,FP32,ordinary_partial_pivoting_blocked_lu_cublas_fused_swap,-1,239.739,177.971,7.97542e-09,1.40666e-06,3.45628e-06,6.10113e-05,0,2017.06,28.206,0,572.071,80.542,2697.88,157.848,156.745,12.8942,0,239.742,0.0924,0.8623,12.8
2026-08-23T03:49:21,V6c_b64,4000,100,conditioned_spd_givens,44892259,0,512,32x32,FP32,ordinary_partial_pivoting_blocked_lu_cublas_fused_pivot_swap,-1,233.346,182.847,7.97542e-09,1.40666e-06,3.45628e-06,6.10113e-05,0,2097.3,28.4451,0,562.837,78.1033,2766.68,155.018,157.938,11.5532,0,233.363,0.0994,1.0041,12.8
2026-08-23T03:49:24,V6d_b32,4000,100,conditioned_spd_givens,44892259,0,512,32x32,FP32,ordinary_partial_pivoting_blocked_lu_cublas_adaptive_panel_fused_pivot_swap,-1,233.645,182.613,7.94847e-09,1.27938e-06,3.3622e-06,5.54085e-05,0,2090.59,37.1576,0,633.223,69.1741,2830.14,159.135,42.6635,11.3573,0,233.649,0.1313,1.212,12.8
2026-08-23T03:49:28,V6e_b64,4000,100,conditioned_spd_givens,44892259,0,512,32x32,FP32,ordinary_partial_pivoting_blocked_lu_cublas_single_panel_deferred_swaps,-1,306.606,139.158,7.97542e-09,1.40666e-06,3.45628e-06,6.10113e-05,0,2123.58,32.6937,0,657.315,82.5681,2896.15,168.257,165.562,11.8841,0,306.61,0.1282,0.9806,12.8
2026-08-23T03:49:31,V5c_b64,4000,100,conditioned_spd_givens,44892259,0,512,32x32,FP32,ordinary_partial_pivoting_blocked_lu_custom_rank_b_update,-1,339.375,125.721,7.97749e-09,1.28509e-06,3.45663e-06,6.10113e-05,0,2145.4,36.3691,0,714.381,85.0353,2981.19,156.41,200.145,13.1914,0,339.377,0.0924,1.0217,12.8
2026-08-23T03:49:48,V1,4000,100,conditioned_spd_givens,44892259,0,512,32x32,FP32,ordinary_partial_pivoting_serial_pivot_swap,-1,14415.1,2.95986,1.05847e-08,1.64916e-06,2.48148e-06,3.38316e-05,0,1864.69,23.0459,0,14532.6,59.0101,16479.4,0,0,0,0,0,0,0,12.8
2026-08-23T03:50:05,V2,4000,100,conditioned_spd_givens,44892259,0,512,32x32,FP32,ordinary_partial_pivoting_parallel_pivot_swap,-1,14552.9,2.93184,1.05847e-08,1.64916e-06,2.48148e-06,3.38316e-05,0,1717.35,24.6827,0,14866.9,81.8304,16690.7,0,0,0,0,0,0,0,12.8
2026-08-23T03:50:11,V3,4000,100,conditioned_spd_givens,44892259,0,512,32x32,FP32,ordinary_partial_pivoting_parallel_pivot_swap,-1,2522.14,16.9168,1.05847e-08,1.64916e-06,2.48148e-06,3.38316e-05,0,2219.29,40.3569,0,2873.25,80.8995,5213.8,0,0,0,0,0,0,0,12.8
2026-08-23T03:50:17,V3f,4000,100,conditioned_spd_givens,44892259,0,512,32x32,FP32,ordinary_partial_pivoting_parallel_pivot_swap,-1,2203.62,19.3621,1.05847e-08,1.64916e-06,2.48148e-06,3.38316e-05,0,2429.1,42.044,0,2353.7,87.5439,4912.38,0,0,0,0,0,0,0,12.8
2026-08-23T03:50:21,V4,4000,100,conditioned_spd_givens,44892259,0,512,32x32,FP32,ordinary_partial_pivoting_cusolver_getrf,-1,82.5231,517.027,8.04681e-09,1.4107e-06,3.75934e-06,5.20706e-05,0,3049.2,41.1228,0,587.533,116.119,3793.97,214.959,259.726,22.218,0.0491,82.5259,0.1892,2.84,12.8
2026-08-23T03:50:28,V5a_t32x32,4000,10000,conditioned_spd_givens,44892461,0,512,32x32,FP32,ordinary_partial_pivoting_parallel_pivot_swap,-1,2839.05,15.0285,8.47333e-09,1.11594e-06,0.000164806,0.00217689,0,2928.91,43.178,0,3245.26,142.504,6359.85,0,0,0,0,0,0,0,12.8
2026-08-23T03:50:34,V5af_t32x32,4000,10000,conditioned_spd_givens,44892461,0,512,32x32,FP32,ordinary_partial_pivoting_parallel_pivot_swap,-1,2470.21,17.2725,8.47333e-09,1.11594e-06,0.000164806,0.00217689,0,2654.32,32.6905,0,2627.86,78.1444,5393.01,0,0,0,0,0,0,0,12.8
2026-08-23T03:50:41,V5bf_t32x32,4000,10000,conditioned_spd_givens,44892461,0,512,32x32,FP32,ordinary_partial_pivoting_parallel_pivot_swap,-1,3342.81,12.7637,8.47333e-09,1.11594e-06,0.000164806,0.00217689,0,2371.2,31.7399,0,3501.23,81.0428,5985.22,0,0,0,0,0,0,0,12.8
2026-08-23T03:50:46,VLU,4000,10000,conditioned_spd_givens,44892461,0,512,32x32,FP32,ordinary_partial_pivoting_custom_lu_parallel_pivot_swap,-1,2392.64,17.8325,7.27037e-09,1.92673e-06,0.000482084,0.0120353,0,2238.5,31.5363,0,2531.15,72.2661,4873.46,0,0,0,0,0,0,0,12.8
2026-08-23T03:50:50,V6a_b64,4000,10000,conditioned_spd_givens,44892461,0,512,32x32,FP32,ordinary_partial_pivoting_blocked_lu_cublas,-1,307.874,138.585,8.21921e-09,1.50495e-06,0.000346759,0.0115908,0,2117.02,31.3169,0,662.268,69.2784,2879.89,154.466,183.177,11.8613,0,307.878,0.105,0.9223,12.8
2026-08-23T03:50:53,V6b_b64,4000,10000,conditioned_spd_givens,44892461,0,512,32x32,FP32,ordinary_partial_pivoting_blocked_lu_cublas_fused_swap,-1,238.57,178.844,8.21921e-09,1.50495e-06,0.000346759,0.0115908,0,2159.37,30.5765,0,587.945,67.7079,2845.6,153.477,176.055,11.1,0,238.576,0.1641,3.7731,12.8
2026-08-23T03:50:56,V6c_b64,4000,10000,conditioned_spd_givens,44892461,0,512,32x32,FP32,ordinary_partial_pivoting_blocked_lu_cublas_fused_pivot_swap,-1,210.158,203.022,8.21921e-09,1.50495e-06,0.000346759,0.0115908,0,2118.02,37.146,0,605.591,99.9075,2860.67,185.15,194.663,10.4695,0,210.16,0.0974,0.9392,12.8
2026-08-23T03:51:00,V6d_b32,4000,10000,conditioned_spd_givens,44892461,0,512,32x32,FP32,ordinary_partial_pivoting_blocked_lu_cublas_adaptive_panel_fused_pivot_swap,-1,223.525,190.881,8.18009e-09,1.59722e-06,0.000346947,0.0115972,0,2058.57,34.9817,0,562.203,75.8718,2731.63,164.083,50.8701,11.1498,0,223.528,0.1345,1.134,12.8
2026-08-23T03:51:03,V6e_b64,4000,10000,conditioned_spd_givens,44892461,0,512,32x32,FP32,ordinary_partial_pivoting_blocked_lu_cublas_single_panel_deferred_swaps,-1,321.431,132.74,8.21921e-09,1.50495e-06,0.000346759,0.0115908,0,1819.32,22.5136,0,574.914,54.9695,2471.72,111.775,126.022,11.1318,0,321.435,0.2027,1.1987,12.8
2026-08-23T03:51:05,V5c_b64,4000,10000,conditioned_spd_givens,44892461,0,512,32x32,FP32,ordinary_partial_pivoting_blocked_lu_custom_rank_b_update,-1,354.828,120.246,8.16687e-09,1.4993e-06,0.00034676,0.0115909,0,1463.15,24.8423,0,624.909,54.1435,2167.04,120.731,135.469,9.7525,0,354.835,0.0892,0.7508,12.8
2026-08-23T03:51:22,V1,4000,10000,conditioned_spd_givens,44892461,0,512,32x32,FP32,ordinary_partial_pivoting_serial_pivot_swap,-1,14442.6,2.95423,8.47333e-09,1.11594e-06,0.000164806,0.00217689,0,1502.14,22.1925,0,14546.5,73.3387,16144.2,0,0,0,0,0,0,0,12.8
2026-08-23T03:51:39,V2,4000,10000,conditioned_spd_givens,44892461,0,512,32x32,FP32,ordinary_partial_pivoting_parallel_pivot_swap,-1,14584,2.92557,8.47333e-09,1.11594e-06,0.000164806,0.00217689,0,1655.15,23.8958,0,14910.4,67.2496,16656.7,0,0,0,0,0,0,0,12.8
2026-08-23T03:51:44,V3,4000,10000,conditioned_spd_givens,44892461,0,512,32x32,FP32,ordinary_partial_pivoting_parallel_pivot_swap,-1,2505.26,17.0309,8.47333e-09,1.11594e-06,0.000164806,0.00217689,0,1931.48,28.6371,0,2854.64,76.1508,4890.91,0,0,0,0,0,0,0,12.8
2026-08-23T03:51:49,V3f,4000,10000,conditioned_spd_givens,44892461,0,512,32x32,FP32,ordinary_partial_pivoting_parallel_pivot_swap,-1,2193.28,19.4534,8.47333e-09,1.11594e-06,0.000164806,0.00217689,0,2123.04,34.4332,0,2338.66,84.5982,4580.73,0,0,0,0,0,0,0,12.8
2026-08-23T03:51:53,V4,4000,10000,conditioned_spd_givens,44892461,0,512,32x32,FP32,ordinary_partial_pivoting_cusolver_getrf,-1,80.9177,527.285,8.32415e-09,1.57374e-06,0.000346988,0.0110478,0,2482.82,43.0665,0,500.576,95.1754,3121.64,175.39,223.148,14.5117,0.0813,80.948,0.2009,1.8069,12.8
2026-08-23T03:52:00,V5a_t32x32,4000,1e+06,conditioned_spd_givens,44892663,0,512,32x32,FP32,ordinary_partial_pivoting_parallel_pivot_swap,-1,2862.8,14.9038,7.35983e-09,1.08336e-06,0.0149667,0.260453,0,2572.45,50.3435,0,3272.83,118.34,6013.96,0,0,0,0,0,0,0,12.8
2026-08-23T03:52:06,V5af_t32x32,4000,1e+06,conditioned_spd_givens,44892663,0,512,32x32,FP32,ordinary_partial_pivoting_parallel_pivot_swap,-1,2503.78,17.0409,7.35983e-09,1.08336e-06,0.0149667,0.260453,0,2837.18,44.0444,0,2697.4,106.181,5684.81,0,0,0,0,0,0,0,12.8
2026-08-23T03:52:13,V5bf_t32x32,4000,1e+06,conditioned_spd_givens,44892663,0,512,32x32,FP32,ordinary_partial_pivoting_parallel_pivot_swap,-1,3339.86,12.775,7.35983e-09,1.08336e-06,0.0149667,0.260453,0,2962.07,41.7055,0,3503.46,94.9197,6602.15,0,0,0,0,0,0,0,12.8
2026-08-23T03:52:19,VLU,4000,1e+06,conditioned_spd_givens,44892663,0,512,32x32,FP32,ordinary_partial_pivoting_custom_lu_parallel_pivot_swap,-1,2412.41,17.6863,6.34078e-09,1.68101e-06,0.0318543,1.03146,0,2546.86,39.6577,0,2559.55,81.9296,5228,0,0,0,0,0,0,0,12.8
2026-08-23T03:52:23,V6a_b64,4000,1e+06,conditioned_spd_givens,44892663,0,512,32x32,FP32,ordinary_partial_pivoting_blocked_lu_cublas,-1,324.39,131.529,7.32585e-09,1.00527e-06,0.0184781,0.42281,0,2389.24,31.4526,0,694.045,83.0657,3197.8,177.685,171.299,12.7145,0,324.392,0.126,1.4773,12.8
2026-08-23T03:52:26,V6b_b64,4000,1e+06,conditioned_spd_givens,44892663,0,512,32x32,FP32,ordinary_partial_pivoting_blocked_lu_cublas_fused_swap,-1,280.244,152.248,7.32585e-09,1.00527e-06,0.0184781,0.42281,0,2291.8,31.7643,0,631.85,82.2843,3037.69,172.256,160.37,12.7802,0,280.248,0.1073,1.2742,12.8
2026-08-23T03:52:29,V6c_b64,4000,1e+06,conditioned_spd_givens,44892663,0,512,32x32,FP32,ordinary_partial_pivoting_blocked_lu_cublas_fused_pivot_swap,-1,233.38,182.821,7.32585e-09,1.00527e-06,0.0184781,0.42281,0,2204.19,35.0468,0,583.193,73.0987,2895.53,156.993,175.905,10.9392,0,233.385,0.128,1.582,12.8
2026-08-23T03:52:33,V6d_b32,4000,1e+06,conditioned_spd_givens,44892663,0,512,32x32,FP32,ordinary_partial_pivoting_blocked_lu_cublas_adaptive_panel_fused_pivot_swap,-1,229.755,185.705,7.58697e-09,9.84224e-07,0.0188984,0.466111,0,2123.76,34.1389,0,565.522,91.1171,2814.54,161.93,41.012,11.7248,0,229.791,0.1194,1.1637,12.8
2026-08-23T03:52:36,V6e_b64,4000,1e+06,conditioned_spd_givens,44892663,0,512,32x32,FP32,ordinary_partial_pivoting_blocked_lu_cublas_single_panel_deferred_swaps,-1,303.786,140.45,7.32585e-09,1.00527e-06,0.0184781,0.42281,0,2062.65,30.014,0,639.571,86.4685,2818.7,160.551,159.015,11.1834,0,303.791,0.1041,1.0735,12.8
2026-08-23T03:52:39,V5c_b64,4000,1e+06,conditioned_spd_givens,44892663,0,512,32x32,FP32,ordinary_partial_pivoting_blocked_lu_custom_rank_b_update,-1,368.482,115.79,7.41161e-09,1.00347e-06,0.0184781,0.42281,0,2048.78,29.1514,0,680.757,70.1412,2828.83,150.883,143.419,12.9544,0,368.484,0.1171,1.0355,12.8
2026-08-23T03:52:56,V1,4000,1e+06,conditioned_spd_givens,44892663,0,512,32x32,FP32,ordinary_partial_pivoting_serial_pivot_swap,-1,14421.6,2.95853,7.35983e-09,1.08336e-06,0.0149667,0.260453,0,1984.02,21.4925,0,14541.7,71.5486,16618.8,0,0,0,0,0,0,0,12.8
2026-08-23T03:53:14,V2,4000,1e+06,conditioned_spd_givens,44892663,0,512,32x32,FP32,ordinary_partial_pivoting_parallel_pivot_swap,-1,14563,2.9298,7.35983e-09,1.08336e-06,0.0149667,0.260453,0,1681.09,24.2654,0,14979.5,69.006,16753.8,0,0,0,0,0,0,0,12.8
2026-08-23T03:53:19,V3,4000,1e+06,conditioned_spd_givens,44892663,0,512,32x32,FP32,ordinary_partial_pivoting_parallel_pivot_swap,-1,2505.55,17.0289,7.35983e-09,1.08336e-06,0.0149667,0.260453,0,1924.07,33.34,0,2884.31,69.0717,4910.79,0,0,0,0,0,0,0,12.8
2026-08-23T03:53:24,V3f,4000,1e+06,conditioned_spd_givens,44892663,0,512,32x32,FP32,ordinary_partial_pivoting_parallel_pivot_swap,-1,2188.38,19.4969,7.35983e-09,1.08336e-06,0.0149667,0.260453,0,2092.57,35.6462,0,2320.51,78.4133,4527.14,0,0,0,0,0,0,0,12.8
2026-08-23T03:53:27,V4,4000,1e+06,conditioned_spd_givens,44892663,0,512,32x32,FP32,ordinary_partial_pivoting_cusolver_getrf,-1,78.1006,546.304,8.2829e-09,1.19158e-06,0.022654,0.433478,0,2253,32.7372,0,456.2,76.4143,2818.35,169.551,189.847,12.4238,0.0415,78.103,0.1003,1.7975,12.8
2026-08-23T03:53:29,V5af_t32x32,2000,100,conditioned_spd_givens,25946262,0,512,32x32,FP32,ordinary_partial_pivoting_parallel_pivot_swap,-1,396.384,13.455,1.13654e-08,9.96871e-07,2.44822e-06,2.06232e-05,0,459.726,9.2207,0,509.922,23.207,1002.08,0,0,0,0,0,0,0,12.8
2026-08-23T03:53:31,V5bf_t32x32,2000,100,conditioned_spd_givens,25946262,0,512,32x32,FP32,ordinary_partial_pivoting_parallel_pivot_swap,-1,478.984,11.1347,1.13654e-08,9.96871e-07,2.44822e-06,2.06232e-05,0,487.71,12.2761,0,595.456,20.4156,1115.86,0,0,0,0,0,0,0,12.8
2026-08-23T03:53:32,VLU,2000,100,conditioned_spd_givens,25946262,0,512,32x32,FP32,ordinary_partial_pivoting_custom_lu_parallel_pivot_swap,-1,378.702,14.0832,1.11752e-08,2.80204e-06,8.19685e-06,0.00017519,0,499.514,8.06,0,499.636,23.7719,1030.98,0,0,0,0,0,0,0,12.8
2026-08-23T03:53:34,V6a_b64,2000,100,conditioned_spd_givens,25946262,0,512,32x32,FP32,ordinary_partial_pivoting_blocked_lu_cublas,-1,166.075,32.1141,1.20091e-08,1.4286e-06,3.90597e-06,4.09245e-05,0,480.539,8.0613,0,394.826,21.327,904.753,35.538,187.444,3.4605,0,166.077,0.1394,1.0484,12.8
2026-08-23T03:53:35,V6b_b64,2000,100,conditioned_spd_givens,25946262,0,512,32x32,FP32,ordinary_partial_pivoting_blocked_lu_cublas_fused_swap,-1,140.929,37.844,1.20091e-08,1.4286e-06,3.90597e-06,4.09245e-05,0,566.552,9.255,0,367.738,25.4992,969.044,32.0762,188.738,3.3822,0,140.935,0.1625,1.1605,12.8
2026-08-23T03:53:37,V6c_b64,2000,100,conditioned_spd_givens,25946262,0,512,32x32,FP32,ordinary_partial_pivoting_blocked_lu_cublas_fused_pivot_swap,-1,122.095,43.6819,1.20091e-08,1.4286e-06,3.90597e-06,4.09245e-05,0,528.354,8.5727,0,342.062,27.6152,906.604,31.8101,181.329,3.9738,0,122.096,0.1325,1.2952,12.8
2026-08-23T03:53:38,V6d_b32,2000,100,conditioned_spd_givens,25946262,0,512,32x32,FP32,ordinary_partial_pivoting_blocked_lu_cublas_adaptive_panel_fused_pivot_swap,-1,121.281,43.9749,1.15792e-08,1.41676e-06,3.91807e-06,4.21047e-05,0,539.352,8.9815,0,363.231,24.514,936.079,47.0617,52.8603,3.0513,0,121.287,0.1258,1.3825,12.8
2026-08-23T03:53:40,V6e_b64,2000,100,conditioned_spd_givens,25946262,0,512,32x32,FP32,ordinary_partial_pivoting_blocked_lu_cublas_single_panel_deferred_swaps,-1,104.057,51.2541,1.20091e-08,1.4286e-06,3.90597e-06,4.09245e-05,0,551.046,9.0246,0,345.032,21.9471,927.049,37.4394,197.31,3.5331,0,104.059,0.1616,1.1933,12.8
2026-08-23T03:53:41,V5c_b64,2000,100,conditioned_spd_givens,25946262,0,512,32x32,FP32,ordinary_partial_pivoting_blocked_lu_custom_rank_b_update,-1,132.977,40.1072,1.20071e-08,1.38759e-06,3.90393e-06,4.09245e-05,0,518.764,10.058,0,362.061,30.4208,921.305,33.4738,188.962,3.5646,0,132.981,0.148,1.3033,12.8
2026-08-23T03:53:45,V1,2000,100,conditioned_spd_givens,25946262,0,512,32x32,FP32,ordinary_partial_pivoting_serial_pivot_swap,-1,2287.45,2.33156,1.13654e-08,9.96871e-07,2.44822e-06,2.06232e-05,0,519.156,8.4599,0,2414.38,21.3575,2963.35,0,0,0,0,0,0,0,12.8
2026-08-23T03:53:48,V2,2000,100,conditioned_spd_givens,25946262,0,512,32x32,FP32,ordinary_partial_pivoting_parallel_pivot_swap,-1,2379.11,2.24173,1.13654e-08,9.96871e-07,2.44822e-06,2.06232e-05,0,494.817,12.1199,0,2608.74,20.1161,3135.8,0,0,0,0,0,0,0,12.8
2026-08-23T03:53:50,V3,2000,100,conditioned_spd_givens,25946262,0,512,32x32,FP32,ordinary_partial_pivoting_parallel_pivot_swap,-1,481.025,11.0874,1.13654e-08,9.96871e-07,2.44822e-06,2.06232e-05,0,502.635,9.7645,0,710.149,19.7549,1242.3,0,0,0,0,0,0,0,12.8
2026-08-23T03:53:52,V3f,2000,100,conditioned_spd_givens,25946262,0,512,32x32,FP32,ordinary_partial_pivoting_parallel_pivot_swap,-1,327.784,16.2709,1.13654e-08,9.96871e-07,2.44822e-06,2.06232e-05,0,459.194,12.0762,0,440.222,22.5285,934.021,0,0,0,0,0,0,0,12.8
2026-08-23T03:53:53,V4,2000,100,conditioned_spd_givens,25946262,0,512,32x32,FP32,ordinary_partial_pivoting_cusolver_getrf,-1,28.7683,185.39,1.22388e-08,1.61458e-06,4.06665e-06,3.87788e-05,0,533.92,7.8796,0,304.764,20.271,866.835,48.9635,221.119,2.9052,0.0314,28.77,0.1294,1.7048,12.8
2026-08-23T03:53:55,V5a_t32x32,2000,100,conditioned_spd_givens,25946262,0,512,32x32,FP32,ordinary_partial_pivoting_parallel_pivot_swap,-1,536.186,9.94679,1.13654e-08,9.96871e-07,2.44822e-06,2.06232e-05,0,450.737,9.9232,0,760.072,24.1998,1244.93,0,0,0,0,0,0,0,12.8
2026-08-23T03:53:56,V5af_t32x32,2000,10000,conditioned_spd_givens,25946464,0,512,32x32,FP32,ordinary_partial_pivoting_parallel_pivot_swap,-1,355.844,14.9878,9.64454e-09,7.00545e-07,0.000188006,0.00195456,0,435.802,9.7657,0,483.315,21.5624,950.445,0,0,0,0,0,0,0,12.8
2026-08-23T03:53:58,V5bf_t32x32,2000,10000,conditioned_spd_givens,25946464,0,512,32x32,FP32,ordinary_partial_pivoting_parallel_pivot_swap,-1,469.086,11.3696,9.64454e-09,7.00545e-07,0.000188006,0.00195456,0,485.658,7.6892,0,586.489,32.8205,1112.66,0,0,0,0,0,0,0,12.8
2026-08-23T03:53:59,VLU,2000,10000,conditioned_spd_givens,25946464,0,512,32x32,FP32,ordinary_partial_pivoting_custom_lu_parallel_pivot_swap,-1,379.065,14.0697,9.99122e-09,1.49068e-06,0.000358618,0.00399015,0,419.096,7.8135,0,483.733,20.277,930.92,0,0,0,0,0,0,0,12.8
2026-08-23T03:54:01,V6a_b64,2000,10000,conditioned_spd_givens,25946464,0,512,32x32,FP32,ordinary_partial_pivoting_blocked_lu_cublas,-1,165.636,32.1992,1.06657e-08,9.45001e-07,0.000264589,0.00392346,0,422.774,8.1916,0,359.439,34.4079,824.813,31.5519,157.344,2.8424,0,165.637,0.1054,0.8924,12.8
2026-08-23T03:54:02,V6b_b64,2000,10000,conditioned_spd_givens,25946464,0,512,32x32,FP32,ordinary_partial_pivoting_blocked_lu_cublas_fused_swap,-1,128.298,41.5698,1.06657e-08,9.45001e-07,0.000264589,0.00392346,0,442.83,10.1337,0,324.697,18.7627,796.423,37.7654,153.267,3.1846,0,128.301,0.1473,0.8966,12.8
2026-08-23T03:54:03,V6c_b64,2000,10000,conditioned_spd_givens,25946464,0,512,32x32,FP32,ordinary_partial_pivoting_blocked_lu_cublas_fused_pivot_swap,-1,95.2181,56.0118,1.06657e-08,9.45001e-07,0.000264589,0.00392346,0,430.697,8.2713,0,266.628,28.9749,734.571,26.4279,139.282,3.3002,0,95.2203,0.1129,1.1367,12.8
2026-08-23T03:54:04,V6d_b32,2000,10000,conditioned_spd_givens,25946464,0,512,32x32,FP32,ordinary_partial_pivoting_blocked_lu_cublas_adaptive_panel_fused_pivot_swap,-1,104.779,50.9009,1.04467e-08,8.68713e-07,0.000259365,0.0037599,0,418.677,7.3073,0,276.852,19.2037,722.04,26.8175,41.5828,2.9248,0,104.783,0.1669,2.0166,12.8
2026-08-23T03:54:06,V6e_b64,2000,10000,conditioned_spd_givens,25946464,0,512,32x32,FP32,ordinary_partial_pivoting_blocked_lu_cublas_single_panel_deferred_swaps,-1,103.179,51.6902,1.06657e-08,9.45001e-07,0.000264589,0.00392346,0,426.862,7.6932,0,279.615,17.3821,731.552,28.7077,142.176,3.0083,0,103.185,0.1311,1.1517,12.8
2026-08-23T03:54:07,V5c_b64,2000,10000,conditioned_spd_givens,25946464,0,512,32x32,FP32,ordinary_partial_pivoting_blocked_lu_custom_rank_b_update,-1,114.071,46.7547,1.07303e-08,9.7043e-07,0.000264588,0.00392346,0,434.763,8.5343,0,290.264,18.0982,751.66,34.4913,134.785,4.8404,0,114.091,0.0899,0.8856,12.8
2026-08-23T03:54:10,V1,2000,10000,conditioned_spd_givens,25946464,0,512,32x32,FP32,ordinary_partial_pivoting_serial_pivot_swap,-1,2272.05,2.34736,9.64454e-09,7.00545e-07,0.000188006,0.00195456,0,418.607,7.3133,0,2373.81,19.0542,2818.78,0,0,0,0,0,0,0,12.8
2026-08-23T03:54:14,V2,2000,10000,conditioned_spd_givens,25946464,0,512,32x32,FP32,ordinary_partial_pivoting_parallel_pivot_swap,-1,2335.26,2.28383,9.64454e-09,7.00545e-07,0.000188006,0.00195456,0,421.421,7.8299,0,2534.2,16.7699,2980.23,0,0,0,0,0,0,0,12.8
2026-08-23T03:54:15,V3,2000,10000,conditioned_spd_givens,25946464,0,512,32x32,FP32,ordinary_partial_pivoting_parallel_pivot_swap,-1,451.359,11.8162,9.64454e-09,7.00545e-07,0.000188006,0.00195456,0,389.173,6.9093,0,654.867,32.1573,1083.11,0,0,0,0,0,0,0,12.8
2026-08-23T03:54:16,V3f,2000,10000,conditioned_spd_givens,25946464,0,512,32x32,FP32,ordinary_partial_pivoting_parallel_pivot_swap,-1,323.709,16.4757,9.64454e-09,7.00545e-07,0.000188006,0.00195456,0,394.203,6.7247,0,428.606,21.5609,851.094,0,0,0,0,0,0,0,12.8
2026-08-23T03:54:18,V4,2000,10000,conditioned_spd_givens,25946464,0,512,32x32,FP32,ordinary_partial_pivoting_cusolver_getrf,-1,26.8004,199.002,1.12005e-08,9.16006e-07,0.000303669,0.0048701,0,464.091,7.1557,0,199.961,16.3938,687.601,26.8044,140.845,2.7999,0.0267,26.8024,0.0886,1.6037,12.8
2026-08-23T03:54:19,V5a_t32x32,2000,10000,conditioned_spd_givens,25946464,0,512,32x32,FP32,ordinary_partial_pivoting_parallel_pivot_swap,-1,518.956,10.277,9.64454e-09,7.00545e-07,0.000188006,0.00195456,0,503.943,7.8018,0,714.814,34.1538,1260.71,0,0,0,0,0,0,0,12.8
2026-08-23T03:54:21,V5af_t32x32,2000,1e+06,conditioned_spd_givens,25946666,0,512,32x32,FP32,ordinary_partial_pivoting_parallel_pivot_swap,-1,352.979,15.1095,8.57905e-09,8.96227e-07,0.0124303,0.17162,0,376.154,8.8484,0,451.951,17.5611,854.514,0,0,0,0,0,0,0,12.8
2026-08-23T03:54:22,V5bf_t32x32,2000,1e+06,conditioned_spd_givens,25946666,0,512,32x32,FP32,ordinary_partial_pivoting_parallel_pivot_swap,-1,472.428,11.2892,8.57905e-09,8.96227e-07,0.0124303,0.17162,0,372.439,8.377,0,574.623,15.8854,971.325,0,0,0,0,0,0,0,12.8
2026-08-23T03:54:23,VLU,2000,1e+06,conditioned_spd_givens,25946666,0,512,32x32,FP32,ordinary_partial_pivoting_custom_lu_parallel_pivot_swap,-1,373.472,14.2804,9.49962e-09,1.27173e-06,0.0341535,0.501279,0,391.142,7.0341,0,473.255,31.049,902.48,0,0,0,0,0,0,0,12.8
2026-08-23T03:54:25,V6a_b64,2000,1e+06,conditioned_spd_givens,25946666,0,512,32x32,FP32,ordinary_partial_pivoting_blocked_lu_cublas,-1,136.245,39.1451,1.17063e-08,1.68318e-06,0.0199674,0.239779,0,369.962,6.5007,0,298.756,27.6756,702.895,26.2832,131.695,2.7747,0,136.251,0.0894,0.7206,12.8
2026-08-23T03:54:26,V6b_b64,2000,1e+06,conditioned_spd_givens,25946666,0,512,32x32,FP32,ordinary_partial_pivoting_blocked_lu_cublas_fused_swap,-1,111.576,47.8,1.17063e-08,1.68318e-06,0.0199674,0.239779,0,366.43,6.892,0,280.629,19.3207,673.272,29.27,134.834,2.9016,0,111.582,0.0902,0.8806,12.8
2026-08-23T03:54:27,V6c_b64,2000,1e+06,conditioned_spd_givens,25946666,0,512,32x32,FP32,ordinary_partial_pivoting_blocked_lu_cublas_fused_pivot_swap,-1,86.3417,61.7701,1.17063e-08,1.68318e-06,0.0199674,0.239779,0,360.503,6.409,0,248.167,36.9082,651.988,25.7654,130.916,2.9402,0,86.3471,0.1185,0.9991,12.8
2026-08-23T03:54:28,V6d_b32,2000,1e+06,conditioned_spd_givens,25946666,0,512,32x32,FP32,ordinary_partial_pivoting_blocked_lu_cublas_adaptive_panel_fused_pivot_swap,-1,85.3673,62.4752,1.07305e-08,1.27296e-06,0.0212803,0.277176,0,364.23,6.4214,0,244.393,19.8659,634.91,25.9493,36.8434,2.7556,0,85.3742,0.1254,0.9763,12.8
2026-08-23T03:54:29,V6e_b64,2000,1e+06,conditioned_spd_givens,25946666,0,512,32x32,FP32,ordinary_partial_pivoting_blocked_lu_cublas_single_panel_deferred_swaps,-1,101.982,52.2967,1.17063e-08,1.68318e-06,0.0199674,0.239779,0,355.245,6.9672,0,279.276,21.548,663.037,29.4735,142.334,3.1221,0,101.988,0.1265,1.0751,12.8
2026-08-23T03:54:30,V5c_b64,2000,1e+06,conditioned_spd_givens,25946666,0,512,32x32,FP32,ordinary_partial_pivoting_blocked_lu_custom_rank_b_update,-1,98.4343,54.1817,1.16256e-08,1.6654e-06,0.0199674,0.239779,0,355.853,6.5177,0,263.464,20.9086,646.743,25.9678,134.24,2.767,0,98.4394,0.0965,0.8312,12.8
2026-08-23T03:54:34,V1,2000,1e+06,conditioned_spd_givens,25946666,0,512,32x32,FP32,ordinary_partial_pivoting_serial_pivot_swap,-1,2271.21,2.34823,8.57905e-09,8.96227e-07,0.0124303,0.17162,0,418.245,8.3021,0,2379.1,17.8014,2823.45,0,0,0,0,0,0,0,12.8
2026-08-23T03:54:37,V2,2000,1e+06,conditioned_spd_givens,25946666,0,512,32x32,FP32,ordinary_partial_pivoting_parallel_pivot_swap,-1,2332.51,2.28652,8.57905e-09,8.96227e-07,0.0124303,0.17162,0,361.722,6.6618,0,2527.06,17.7261,2913.17,0,0,0,0,0,0,0,12.8
2026-08-23T03:54:39,V3,2000,1e+06,conditioned_spd_givens,25946666,0,512,32x32,FP32,ordinary_partial_pivoting_parallel_pivot_swap,-1,447.018,11.9309,8.57905e-09,8.96227e-07,0.0124303,0.17162,0,365.391,8.9697,0,651.957,16.0096,1042.33,0,0,0,0,0,0,0,12.8
2026-08-23T03:54:40,V3f,2000,1e+06,conditioned_spd_givens,25946666,0,512,32x32,FP32,ordinary_partial_pivoting_parallel_pivot_swap,-1,319.996,16.6669,8.57905e-09,8.96227e-07,0.0124303,0.17162,0,361.097,8.5235,0,413.185,17.2411,800.047,0,0,0,0,0,0,0,12.8
2026-08-23T03:54:41,V4,2000,1e+06,conditioned_spd_givens,25946666,0,512,32x32,FP32,ordinary_partial_pivoting_cusolver_getrf,-1,23.4434,227.499,1.18037e-08,1.28707e-06,0.0230323,0.258231,0,384.82,8.792,0,197.79,18.8583,610.261,26.7264,142.402,2.5005,0.0203,23.4458,0.1208,1.5999,12.8
2026-08-23T03:54:43,V5a_t32x32,2000,1e+06,conditioned_spd_givens,25946666,0,512,32x32,FP32,ordinary_partial_pivoting_parallel_pivot_swap,-1,524.371,10.1709,8.57905e-09,8.96227e-07,0.0124303,0.17162,0,389.008,6.7194,0,753.786,16.7822,1166.3,0,0,0,0,0,0,0,12.8
2026-08-23T03:54:47,V5af_t32x32,4000,100,conditioned_spd_givens,45892262,0,512,32x32,FP32,ordinary_partial_pivoting_parallel_pivot_swap,-1,2479.8,17.2057,1.02828e-08,1.55386e-06,2.37726e-06,3.95775e-05,0,1862.8,27.8317,0,2603.56,72.1214,4566.31,0,0,0,0,0,0,0,12.8
2026-08-23T03:54:53,V5bf_t32x32,4000,100,conditioned_spd_givens,45892262,0,512,32x32,FP32,ordinary_partial_pivoting_parallel_pivot_swap,-1,3326.97,12.8245,1.02828e-08,1.55386e-06,2.37726e-06,3.95775e-05,0,1890.04,27.8442,0,3482.99,71.6287,5472.5,0,0,0,0,0,0,0,12.8
2026-08-23T03:54:59,VLU,4000,100,conditioned_spd_givens,45892262,0,512,32x32,FP32,ordinary_partial_pivoting_custom_lu_parallel_pivot_swap,-1,2392.45,17.8339,7.7188e-09,1.11642e-06,4.59022e-06,8.19564e-05,0,1990.08,28.1024,0,2534.46,71.2174,4623.86,0,0,0,0,0,0,0,12.8
2026-08-23T03:55:02,V6a_b64,4000,100,conditioned_spd_givens,45892262,0,512,32x32,FP32,ordinary_partial_pivoting_blocked_lu_cublas,-1,310.149,137.568,8.08225e-09,1.36503e-06,3.74115e-06,9.39608e-05,0,2064.61,44.2295,0,640.665,73.2737,2822.78,156.152,154.527,12.5502,0,310.173,0.1031,0.8865,12.8
2026-08-23T03:55:05,V6b_b64,4000,100,conditioned_spd_givens,45892262,0,512,32x32,FP32,ordinary_partial_pivoting_blocked_lu_cublas_fused_swap,-1,244.662,174.39,8.08225e-09,1.36503e-06,3.74115e-06,9.39608e-05,0,2070.17,29.9625,0,598.769,74.4986,2773.4,176.945,160.912,10.5665,0,244.667,0.1088,0.997,12.8
2026-08-23T03:55:08,V6c_b64,4000,100,conditioned_spd_givens,45892262,0,512,32x32,FP32,ordinary_partial_pivoting_blocked_lu_cublas_fused_pivot_swap,-1,202.289,210.92,8.08225e-09,1.36503e-06,3.74115e-06,9.39608e-05,0,2018.19,30.2947,0,628.018,69.2944,2745.8,160.955,247.179,11.0136,0,202.293,0.1043,1.0334,12.8
2026-08-23T03:55:12,V6d_b32,4000,100,conditioned_spd_givens,45892262,0,512,32x32,FP32,ordinary_partial_pivoting_blocked_lu_cublas_adaptive_panel_fused_pivot_swap,-1,221.663,192.484,8.30941e-09,1.54602e-06,3.67484e-06,9.08613e-05,0,2027.53,33.5908,0,561.057,70.1152,2692.3,151.282,51.5538,12.3643,0,221.679,0.1114,1.2044,12.8
2026-08-23T03:55:15,V6e_b64,4000,100,conditioned_spd_givens,45892262,0,512,32x32,FP32,ordinary_partial_pivoting_blocked_lu_cublas_single_panel_deferred_swaps,-1,312.072,136.721,8.08225e-09,1.36503e-06,3.74115e-06,9.39608e-05,0,1998.98,28.7971,0,634.149,70.0646,2731.99,154.041,150.499,10.5871,0,312.077,0.1635,1.2957,12.8
2026-08-23T03:55:18,V5c_b64,4000,100,conditioned_spd_givens,45892262,0,512,32x32,FP32,ordinary_partial_pivoting_blocked_lu_custom_rank_b_update,-1,354.691,120.293,8.10115e-09,1.3538e-06,3.74216e-06,9.39608e-05,0,1683.8,25.1664,0,615.518,56.816,2381.3,123.427,121.345,11.452,0,354.71,0.1074,1.0616,12.8
2026-08-23T03:55:34,V1,4000,100,conditioned_spd_givens,45892262,0,512,32x32,FP32,ordinary_partial_pivoting_serial_pivot_swap,-1,14439.2,2.95492,1.02828e-08,1.55386e-06,2.37726e-06,3.95775e-05,0,1634.77,23.8724,0,14566.4,63.9187,16289,0,0,0,0,0,0,0,12.8
2026-08-23T03:55:51,V2,4000,100,conditioned_spd_givens,45892262,0,512,32x32,FP32,ordinary_partial_pivoting_parallel_pivot_swap,-1,14560,2.93039,1.02828e-08,1.55386e-06,2.37726e-06,3.95775e-05,0,1704.13,28.6455,0,14866.5,76.4471,16675.7,0,0,0,0,0,0,0,12.8
2026-08-23T03:55:57,V3,4000,100,conditioned_spd_givens,45892262,0,512,32x32,FP32,ordinary_partial_pivoting_parallel_pivot_swap,-1,2528.5,16.8743,1.02828e-08,1.55386e-06,2.37726e-06,3.95775e-05,0,2073.5,29.405,0,2914.99,76.3697,5094.27,0,0,0,0,0,0,0,12.8
2026-08-23T03:56:02,V3f,4000,100,conditioned_spd_givens,45892262,0,512,32x32,FP32,ordinary_partial_pivoting_parallel_pivot_swap,-1,2203.23,19.3655,1.02828e-08,1.55386e-06,2.37726e-06,3.95775e-05,0,2314.37,34.2827,0,2351.71,94.4901,4794.85,0,0,0,0,0,0,0,12.8
2026-08-23T03:56:06,V4,4000,100,conditioned_spd_givens,45892262,0,512,32x32,FP32,ordinary_partial_pivoting_cusolver_getrf,-1,85.5962,498.465,8.01059e-09,1.40143e-06,4.21637e-06,8.09669e-05,0,2675.09,37.3392,0,531.197,109.3,3352.93,192.624,226.222,16.8693,0.0523,85.5977,0.2566,3.282,12.8
2026-08-23T03:56:14,V5a_t32x32,4000,100,conditioned_spd_givens,45892262,0,512,32x32,FP32,ordinary_partial_pivoting_parallel_pivot_swap,-1,2859.36,14.9217,1.02828e-08,1.55386e-06,2.37726e-06,3.95775e-05,0,3346.71,47.4477,0,3284.12,92.9422,6771.22,0,0,0,0,0,0,0,12.8
2026-08-23T03:56:20,V5af_t32x32,4000,10000,conditioned_spd_givens,45892464,0,512,32x32,FP32,ordinary_partial_pivoting_parallel_pivot_swap,-1,2465.99,17.3021,8.5588e-09,9.44553e-07,0.000179884,0.00278842,0,2638.57,35.3564,0,2643.17,98.4791,5415.57,0,0,0,0,0,0,0,12.8
2026-08-23T03:56:26,V5bf_t32x32,4000,10000,conditioned_spd_givens,45892464,0,512,32x32,FP32,ordinary_partial_pivoting_parallel_pivot_swap,-1,3346.35,12.7502,8.5588e-09,9.44553e-07,0.000179884,0.00278842,0,2416.04,34.0857,0,3499.01,76.4578,6025.59,0,0,0,0,0,0,0,12.8
2026-08-23T03:56:32,VLU,4000,10000,conditioned_spd_givens,45892464,0,512,32x32,FP32,ordinary_partial_pivoting_custom_lu_parallel_pivot_swap,-1,2391.1,17.844,6.75587e-09,1.1969e-06,0.000337379,0.00873477,0,2287.66,38.5024,0,2542.99,76.8942,4946.06,0,0,0,0,0,0,0,12.8
2026-08-23T03:56:35,V6a_b64,4000,10000,conditioned_spd_givens,45892464,0,512,32x32,FP32,ordinary_partial_pivoting_blocked_lu_cublas,-1,308.875,138.136,8.37634e-09,1.72929e-06,0.000267901,0.00459518,0,2167.71,29.3404,0,664.718,84.1534,2945.92,162.028,175.837,12.8149,0,308.879,0.0978,0.8667,12.8
2026-08-23T03:56:39,V6b_b64,4000,10000,conditioned_spd_givens,45892464,0,512,32x32,FP32,ordinary_partial_pivoting_blocked_lu_cublas_fused_swap,-1,246.955,172.771,8.37634e-09,1.72929e-06,0.000267901,0.00459518,0,2126.13,34.2586,0,592.642,69.1732,2822.2,150.782,179.168,10.6568,0,246.959,0.0919,0.9677,12.8
2026-08-23T03:56:42,V6c_b64,4000,10000,conditioned_spd_givens,45892464,0,512,32x32,FP32,ordinary_partial_pivoting_blocked_lu_cublas_fused_pivot_swap,-1,202.427,210.775,8.37634e-09,1.72929e-06,0.000267901,0.00459518,0,2063.32,28.7674,0,539.571,73.4542,2705.12,153.226,166.208,12.9158,0,202.466,0.0958,0.8122,12.8
2026-08-23T03:56:45,V6d_b32,4000,10000,conditioned_spd_givens,45892464,0,512,32x32,FP32,ordinary_partial_pivoting_blocked_lu_cublas_adaptive_panel_fused_pivot_swap,-1,224.052,190.432,8.51183e-09,1.72298e-06,0.000263977,0.00383683,0,2017.22,29.8407,0,559.711,73.0349,2679.81,145.192,36.4209,11.1806,0,224.057,0.0899,1.0274,12.8
2026-08-23T03:56:48,V6e_b64,4000,10000,conditioned_spd_givens,45892464,0,512,32x32,FP32,ordinary_partial_pivoting_blocked_lu_cublas_single_panel_deferred_swaps,-1,295.406,144.434,8.37634e-09,1.72929e-06,0.000267901,0.00459518,0,1991.23,28.7115,0,610.367,78.9905,2709.3,154.992,143.07,10.7678,0,295.41,0.1485,1.491,12.8
2026-08-23T03:56:51,V5c_b64,4000,10000,conditioned_spd_givens,45892464,0,512,32x32,FP32,ordinary_partial_pivoting_blocked_lu_custom_rank_b_update,-1,316.185,134.942,8.40094e-09,1.72925e-06,0.000267901,0.00459518,0,1939.61,21.6734,0,593.549,60.2961,2615.13,122.705,140.483,10.0322,0,316.198,0.0771,0.7756,12.8
2026-08-23T03:57:08,V1,4000,10000,conditioned_spd_givens,45892464,0,512,32x32,FP32,ordinary_partial_pivoting_serial_pivot_swap,-1,14416.2,2.95964,8.5588e-09,9.44553e-07,0.000179884,0.00278842,0,1600.86,23.4579,0,14516.8,57.6498,16198.8,0,0,0,0,0,0,0,12.8
2026-08-23T03:57:25,V2,4000,10000,conditioned_spd_givens,45892464,0,512,32x32,FP32,ordinary_partial_pivoting_parallel_pivot_swap,-1,14571.7,2.92805,8.5588e-09,9.44553e-07,0.000179884,0.00278842,0,1663.73,27.4068,0,14901.1,81.2393,16673.5,0,0,0,0,0,0,0,12.8
2026-08-23T03:57:30,V3,4000,10000,conditioned_spd_givens,45892464,0,512,32x32,FP32,ordinary_partial_pivoting_parallel_pivot_swap,-1,2491.11,17.1276,8.5588e-09,9.44553e-07,0.000179884,0.00278842,0,1939.33,28.0414,0,2849.28,77.1451,4893.8,0,0,0,0,0,0,0,12.8
2026-08-23T03:57:36,V3f,4000,10000,conditioned_spd_givens,45892464,0,512,32x32,FP32,ordinary_partial_pivoting_parallel_pivot_swap,-1,2253.48,18.9337,8.5588e-09,9.44553e-07,0.000179884,0.00278842,0,2068.22,34.6764,0,2384.93,73.448,4561.28,0,0,0,0,0,0,0,12.8
2026-08-23T03:57:39,V4,4000,10000,conditioned_spd_givens,45892464,0,512,32x32,FP32,ordinary_partial_pivoting_cusolver_getrf,-1,79.613,535.926,8.51044e-09,1.21814e-06,0.000295173,0.00401525,0,2304.55,43.6708,0,458.901,79.3928,2886.52,182.159,174.516,13.7034,0.0467,79.6136,0.2514,4.2598,12.8
2026-08-23T03:57:45,V5a_t32x32,4000,10000,conditioned_spd_givens,45892464,0,512,32x32,FP32,ordinary_partial_pivoting_parallel_pivot_swap,-1,2823.27,15.1125,8.5588e-09,9.44553e-07,0.000179884,0.00278842,0,2580.78,40.3818,0,3205.89,78.9734,5906.03,0,0,0,0,0,0,0,12.8
2026-08-23T03:57:52,V5af_t32x32,4000,1e+06,conditioned_spd_givens,45892666,0,512,32x32,FP32,ordinary_partial_pivoting_parallel_pivot_swap,-1,2483.39,17.1808,7.12162e-09,8.25996e-07,0.014135,0.226561,0,2726.62,48.2571,0,2666.08,101.705,5542.65,0,0,0,0,0,0,0,12.8
2026-08-23T03:57:58,V5bf_t32x32,4000,1e+06,conditioned_spd_givens,45892666,0,512,32x32,FP32,ordinary_partial_pivoting_parallel_pivot_swap,-1,3333.29,12.8002,7.12162e-09,8.25996e-07,0.014135,0.226561,0,2598.18,32.8187,0,3475.21,80.7766,6186.99,0,0,0,0,0,0,0,12.8
2026-08-23T03:58:04,VLU,4000,1e+06,conditioned_spd_givens,45892666,0,512,32x32,FP32,ordinary_partial_pivoting_custom_lu_parallel_pivot_swap,-1,2384.14,17.896,6.28149e-09,8.90041e-07,0.0255685,0.50863,0,2333.52,33.3687,0,2558.15,76.9493,5001.99,0,0,0,0,0,0,0,12.8
2026-08-23T03:58:08,V6a_b64,4000,1e+06,conditioned_spd_givens,45892666,0,512,32x32,FP32,ordinary_partial_pivoting_blocked_lu_cublas,-1,309.393,137.904,7.84168e-09,1.74298e-06,0.018778,0.286458,0,2206.64,37.5764,0,649.152,76.4594,2969.83,159.799,163.173,11.1443,0,309.398,0.1085,0.8961,12.8
2026-08-23T03:58:11,V6b_b64,4000,1e+06,conditioned_spd_givens,45892666,0,512,32x32,FP32,ordinary_partial_pivoting_blocked_lu_cublas_fused_swap,-1,261.375,163.239,7.84168e-09,1.74298e-06,0.018778,0.286458,0,2208.63,30.2603,0,607.693,72.9431,2919.53,162.139,167.884,10.6164,0,261.379,0.1124,1.0164,12.8
2026-08-23T03:58:15,V6c_b64,4000,1e+06,conditioned_spd_givens,45892666,0,512,32x32,FP32,ordinary_partial_pivoting_blocked_lu_cublas_fused_pivot_swap,-1,203.887,209.266,7.84168e-09,1.74298e-06,0.018778,0.286458,0,2081.01,33.2007,0,541.913,77.2969,2733.42,151.053,168.99,11.6086,0,203.92,0.1125,1.1125,12.8
2026-08-23T03:58:18,V6d_b32,4000,1e+06,conditioned_spd_givens,45892666,0,512,32x32,FP32,ordinary_partial_pivoting_blocked_lu_cublas_adaptive_panel_fused_pivot_swap,-1,206.241,206.878,7.94937e-09,1.54058e-06,0.0173169,0.32576,0,2041.22,31.7822,0,540.236,68.6476,2681.89,157.5,47.4986,10.7755,0,206.246,0.1486,1.3693,12.8
2026-08-23T03:58:21,V6e_b64,4000,1e+06,conditioned_spd_givens,45892666,0,512,32x32,FP32,ordinary_partial_pivoting_blocked_lu_cublas_single_panel_deferred_swaps,-1,284.996,149.71,7.84168e-09,1.74298e-06,0.018778,0.286458,0,2187.72,28.6341,0,528.163,61.9026,2806.42,109.014,120.485,9.8945,0,285.002,0.0799,0.8952,12.8
2026-08-23T03:58:24,V5c_b64,4000,1e+06,conditioned_spd_givens,45892666,0,512,32x32,FP32,ordinary_partial_pivoting_blocked_lu_custom_rank_b_update,-1,370.569,115.138,7.82402e-09,1.75177e-06,0.018778,0.286458,0,1526.61,23.4138,0,619.99,63.9659,2233.98,110.524,124.101,10.2547,0,370.597,0.1446,0.8128,12.8
2026-08-23T03:58:40,V1,4000,1e+06,conditioned_spd_givens,45892666,0,512,32x32,FP32,ordinary_partial_pivoting_serial_pivot_swap,-1,14426.4,2.95755,7.12162e-09,8.25996e-07,0.014135,0.226561,0,1497.52,23.7543,0,14537.7,58.5175,16117.5,0,0,0,0,0,0,0,12.8
2026-08-23T03:58:57,V2,4000,1e+06,conditioned_spd_givens,45892666,0,512,32x32,FP32,ordinary_partial_pivoting_parallel_pivot_swap,-1,14559.6,2.93049,7.12162e-09,8.25996e-07,0.014135,0.226561,0,1678.75,26.2759,0,14898,65.5219,16668.6,0,0,0,0,0,0,0,12.8
2026-08-23T03:59:03,V3,4000,1e+06,conditioned_spd_givens,45892666,0,512,32x32,FP32,ordinary_partial_pivoting_parallel_pivot_swap,-1,2487.81,17.1503,7.12162e-09,8.25996e-07,0.014135,0.226561,0,1934.32,29.4118,0,2838.34,70.8423,4872.91,0,0,0,0,0,0,0,12.8
2026-08-23T03:59:08,V3f,4000,1e+06,conditioned_spd_givens,45892666,0,512,32x32,FP32,ordinary_partial_pivoting_parallel_pivot_swap,-1,2186.14,19.5169,7.12162e-09,8.25996e-07,0.014135,0.226561,0,2072.35,34.9243,0,2318.97,74.9682,4501.22,0,0,0,0,0,0,0,12.8
2026-08-23T03:59:11,V4,4000,1e+06,conditioned_spd_givens,45892666,0,512,32x32,FP32,ordinary_partial_pivoting_cusolver_getrf,-1,79.952,533.653,8.09674e-09,1.70276e-06,0.0211119,0.324723,0,2367.04,41.352,0,472.893,82.7409,2964.02,190.268,183.3,12.2805,0.0389,79.9555,0.1067,2.1651,12.8
2026-08-23T03:59:18,V5a_t32x32,4000,1e+06,conditioned_spd_givens,45892666,0,512,32x32,FP32,ordinary_partial_pivoting_parallel_pivot_swap,-1,2932.91,14.5476,7.12162e-09,8.25996e-07,0.014135,0.226561,0,2437.85,48.065,0,3353.8,90.2393,5929.96,0,0,0,0,0,0,0,12.8
