timestamp,variant,n,kappa,matrix_family,seed,run_index,block_size,tile,precision,pivoting,cpu_ms,gpu_ms,effective_gflops,residual_norm2,residual_max,solution_error_norm2,solution_error_max,cpu_reference_ran,generation_ms,prepare_ms,cpu_reference_ms,gpu_wall_ms,validation_ms,pre_csv_total_ms,v4_transpose_ms,v4_setup_alloc_ms,v4_h2d_ms,v4_workspace_ms,v4_solve_wall_ms,v4_d2h_ms,v4_cleanup_ms,driver_version
2026-08-14T18:28:03,V4,2000,100,conditioned_spd_givens,19946244,0,512,16x16,FP32,ordinary_partial_pivoting_cusolver_getrf,-1,36.9664,144.275,1.32123e-08,1.62989e-06,5.82682e-06,7.73668e-05,0,499.718,12.3968,0,346.362,22.7511,881.228,40.0199,261.915,3.6004,0.0215,37.0572,0.2285,1.8007,12.8
2026-08-14T18:28:04,V6c_b64,2000,100,conditioned_spd_givens,19946244,0,512,16x16,FP32,ordinary_partial_pivoting_blocked_lu_cublas_fused_pivot_swap,-1,99.0334,53.8539,1.30473e-08,1.77177e-06,4.95744e-06,6.2108e-05,0,500.17,9.1475,0,322.231,21.4442,852.993,31.9713,182.973,5.0118,0,99.2369,0.3769,1.1779,12.8
2026-08-14T18:28:06,V6e_b64,2000,100,conditioned_spd_givens,19946244,0,512,16x16,FP32,ordinary_partial_pivoting_blocked_lu_cublas_single_panel_deferred_swaps,-1,103.883,51.3399,1.30473e-08,1.77177e-06,4.95744e-06,6.2108e-05,0,513.677,9.5476,0,316.288,19.0253,858.538,32.5176,174.914,2.8553,0,103.889,0.1285,0.9047,12.8
2026-08-14T18:28:07,V5c_b64,2000,100,conditioned_spd_givens,19946244,0,512,16x16,FP32,ordinary_partial_pivoting_blocked_lu_custom_rank_b_update,-1,105.001,50.7932,1.29943e-08,1.77287e-06,4.95802e-06,6.2108e-05,0,503.711,10.6074,0,302.289,18.1277,834.735,35.1466,156.912,3.233,0,105.005,0.1037,0.8229,12.8
2026-08-14T18:28:09,V4,2000,10000,conditioned_spd_givens,19946446,0,512,16x16,FP32,ordinary_partial_pivoting_cusolver_getrf,-1,40.6282,131.272,1.22572e-08,1.43975e-06,0.000358364,0.00514312,0,480.949,8.7489,0,284.733,19.9971,794.428,36.0488,198.874,5.7233,0.0511,40.6288,0.1326,1.9401,12.8
2026-08-14T18:28:10,V6c_b64,2000,10000,conditioned_spd_givens,19946446,0,512,16x16,FP32,ordinary_partial_pivoting_blocked_lu_cublas_fused_pivot_swap,-1,109.4,48.7507,1.19265e-08,1.40766e-06,0.000343208,0.00440059,0,515.447,8.1437,0,325.011,21.361,869.962,35.5262,174.484,3.1064,0,109.405,0.1871,0.8985,12.8
2026-08-14T18:28:12,V6e_b64,2000,10000,conditioned_spd_givens,19946446,0,512,16x16,FP32,ordinary_partial_pivoting_blocked_lu_cublas_single_panel_deferred_swaps,-1,105.65,50.4809,1.19265e-08,1.40766e-06,0.000343208,0.00440059,0,529.424,7.448,0,343.891,25.3413,906.105,45.1911,186.518,3.3488,0,105.656,0.159,1.1875,12.8
2026-08-14T18:28:13,V5c_b64,2000,10000,conditioned_spd_givens,19946446,0,512,16x16,FP32,ordinary_partial_pivoting_blocked_lu_custom_rank_b_update,-1,103.065,51.7471,1.19857e-08,1.40716e-06,0.000343208,0.00440059,0,548.884,9.3212,0,326.675,25.0611,909.941,35.8516,181.514,3.3639,0,103.114,0.132,1.0168,12.8
2026-08-14T18:28:15,V4,2000,1e+06,conditioned_spd_givens,19946648,0,512,16x16,FP32,ordinary_partial_pivoting_cusolver_getrf,-1,37.2611,143.134,1.14656e-08,1.06705e-06,0.0189021,0.316249,0,610.17,8.4995,0,292.647,19.7831,931.099,40.9813,206.977,4.1007,0.0785,37.2622,0.1279,1.724,12.8
2026-08-14T18:28:16,V6c_b64,2000,1e+06,conditioned_spd_givens,19946648,0,512,16x16,FP32,ordinary_partial_pivoting_blocked_lu_cublas_fused_pivot_swap,-1,96.7762,55.11,1.16883e-08,1.19183e-06,0.0192471,0.365847,0,534.726,9.2496,0,341.802,24.9093,910.687,35.9136,200.635,5.525,0,96.8165,0.1622,1.0928,12.8
2026-08-14T18:28:18,V6e_b64,2000,1e+06,conditioned_spd_givens,19946648,0,512,16x16,FP32,ordinary_partial_pivoting_blocked_lu_cublas_single_panel_deferred_swaps,-1,106.975,49.8561,1.16883e-08,1.19183e-06,0.0192471,0.365847,0,562.848,10.6528,0,378.484,26.0342,978.019,49.1949,214.218,4.044,0,106.979,0.1229,1.0696,12.8
2026-08-14T18:28:20,V5c_b64,2000,1e+06,conditioned_spd_givens,19946648,0,512,16x16,FP32,ordinary_partial_pivoting_blocked_lu_custom_rank_b_update,-1,117.996,45.1992,1.16462e-08,1.24643e-06,0.0192471,0.365847,0,559.272,9.0794,0,356.177,25.8932,950.422,33.6241,197.848,4.3198,0,118.019,0.1094,0.7686,12.8
2026-08-14T18:28:25,V4,4096,100,conditioned_spd_givens,40849652,0,512,16x16,FP32,ordinary_partial_pivoting_cusolver_getrf,-1,88.9424,515.086,8.27705e-09,2.57883e-06,3.96751e-06,9.58681e-05,0,4298.78,85.0931,0,742.83,143.843,5270.54,302.425,322.251,15.6237,0.0462,88.9467,0.217,3.1513,12.8
2026-08-14T18:28:31,V6c_b64,4096,100,conditioned_spd_givens,40849652,0,512,16x16,FP32,ordinary_partial_pivoting_blocked_lu_cublas_fused_pivot_swap,-1,279.931,163.658,8.20306e-09,2.46012e-06,3.4473e-06,6.83308e-05,0,4350.68,43.6463,0,776.55,127.957,5298.83,229.675,243.387,15.8674,0,279.933,0.1955,1.5141,12.8
2026-08-14T18:28:38,V6e_b64,4096,100,conditioned_spd_givens,40849652,0,512,16x16,FP32,ordinary_partial_pivoting_blocked_lu_cublas_single_panel_deferred_swaps,-1,327.175,140.026,8.20306e-09,2.46012e-06,3.4473e-06,6.83308e-05,0,4714.63,39.0505,0,838.211,95.786,5687.68,250.03,237.906,15.4638,0,327.213,0.1594,1.1485,12.8
2026-08-14T18:28:44,V5c_b64,4096,100,conditioned_spd_givens,40849652,0,512,16x16,FP32,ordinary_partial_pivoting_blocked_lu_custom_rank_b_update,-1,419.793,109.132,8.22717e-09,2.46178e-06,3.44698e-06,6.83308e-05,0,4519.66,40.8083,0,923.188,90.3925,5574.05,265.634,214.513,16.0133,0,419.797,0.1631,1.5654,12.8
2026-08-14T18:28:50,V4,4096,10000,conditioned_spd_givens,40849854,0,512,16x16,FP32,ordinary_partial_pivoting_cusolver_getrf,-1,82.7771,553.45,7.47391e-09,9.56736e-07,0.000312546,0.00672796,0,4569.83,47.7817,0,588.523,104.739,5310.88,260.316,222.471,15.3182,0.0359,82.7795,0.1189,1.8377,12.8
2026-08-14T18:28:56,V6c_b64,4096,10000,conditioned_spd_givens,40849854,0,512,16x16,FP32,ordinary_partial_pivoting_blocked_lu_cublas_fused_pivot_swap,-1,248.884,184.073,7.58242e-09,1.14979e-06,0.000290186,0.00655326,0,4542.79,45.2668,0,730.3,114.767,5433.12,249.656,212.098,13.1523,0,248.888,0.1632,1.0324,12.8
2026-08-14T18:29:03,V6e_b64,4096,10000,conditioned_spd_givens,40849854,0,512,16x16,FP32,ordinary_partial_pivoting_blocked_lu_cublas_single_panel_deferred_swaps,-1,312.452,146.624,7.58242e-09,1.14979e-06,0.000290186,0.00655326,0,4923.39,54.4573,0,820.301,102.555,5900.71,265.635,212.209,20.0699,0,312.455,0.2504,1.783,12.8
2026-08-14T18:29:09,V5c_b64,4096,10000,conditioned_spd_givens,40849854,0,512,16x16,FP32,ordinary_partial_pivoting_blocked_lu_custom_rank_b_update,-1,436.22,105.023,7.58585e-09,1.14975e-06,0.000290185,0.00655326,0,4538.63,57.2484,0,945.482,104.158,5645.52,258.344,226.888,18.039,0,436.25,0.1399,1.0161,12.8
2026-08-14T18:29:15,V4,4096,1e+06,conditioned_spd_givens,40850056,0,512,16x16,FP32,ordinary_partial_pivoting_cusolver_getrf,-1,86.5924,529.065,7.98581e-09,1.65095e-06,0.0198746,0.318121,0,4467.99,43.7956,0,573.117,95.7255,5180.63,258.563,200.377,17.1333,0.043,86.5967,0.1992,2.1213,12.8
2026-08-14T18:29:21,V6c_b64,4096,1e+06,conditioned_spd_givens,40850056,0,512,16x16,FP32,ordinary_partial_pivoting_blocked_lu_cublas_fused_pivot_swap,-1,257.276,178.069,8.4817e-09,1.43585e-06,0.0194514,0.317511,0,4454.59,34.6562,0,749.97,91.9997,5331.21,225.499,247.683,13.9519,0,257.314,0.1567,1.107,12.8
2026-08-14T18:29:27,V6e_b64,4096,1e+06,conditioned_spd_givens,40850056,0,512,16x16,FP32,ordinary_partial_pivoting_blocked_lu_cublas_single_panel_deferred_swaps,-1,329.331,139.109,8.4817e-09,1.43585e-06,0.0194514,0.317511,0,4489.02,39.1535,0,868.747,95.2007,5492.12,252.221,261.492,18.7792,0,329.382,0.1346,1.7486,12.8
2026-08-14T18:29:33,V5c_b64,4096,1e+06,conditioned_spd_givens,40850056,0,512,16x16,FP32,ordinary_partial_pivoting_blocked_lu_custom_rank_b_update,-1,431.845,106.087,8.43889e-09,1.44781e-06,0.0194514,0.317511,0,4661.61,46.7378,0,955.699,93.0462,5757.09,278.015,222.778,16.5537,0,431.948,0.1272,1.2216,12.8
2026-08-14T18:29:42,V4,6000,100,conditioned_spd_givens,59838244,0,512,16x16,FP32,ordinary_partial_pivoting_cusolver_getrf,-1,172.256,835.967,6.55274e-09,1.42788e-06,3.09614e-06,4.74215e-05,0,6925.22,80.3626,0,1278.23,232.89,8516.7,765.206,280.275,32.7933,0.0398,172.26,0.2094,3.333,12.8
2026-08-14T18:29:56,V6c_b64,6000,100,conditioned_spd_givens,59838244,0,512,16x16,FP32,ordinary_partial_pivoting_blocked_lu_cublas_fused_pivot_swap,-1,519.338,277.276,6.52988e-09,1.40631e-06,2.74524e-06,4.57525e-05,0,11036.3,102.674,0,1562.92,249.529,12951.4,658.077,319.086,43.625,0,519.344,0.252,2.6882,12.8
2026-08-14T18:30:07,V6e_b64,6000,100,conditioned_spd_givens,59838244,0,512,16x16,FP32,ordinary_partial_pivoting_blocked_lu_cublas_single_panel_deferred_swaps,-1,713.909,201.706,6.52988e-09,1.40631e-06,2.74524e-06,4.57525e-05,0,8214.63,105.354,0,1761.98,304.161,10386.1,721.486,266.98,32.5993,0,713.927,0.1254,2.288,12.8
2026-08-14T18:30:17,V5c_b64,6000,100,conditioned_spd_givens,59838244,0,512,16x16,FP32,ordinary_partial_pivoting_blocked_lu_custom_rank_b_update,-1,905.825,158.971,6.52988e-09,1.40631e-06,2.74524e-06,4.57525e-05,0,7242.89,103.338,0,1884.16,218.48,9448.87,631.339,280.071,51.5878,0,905.775,0.1974,1.9188,12.8
2026-08-14T18:30:27,V4,6000,10000,conditioned_spd_givens,59838446,0,512,16x16,FP32,ordinary_partial_pivoting_cusolver_getrf,-1,187.83,766.649,6.74923e-09,1.88443e-06,0.000274952,0.00491762,0,7270.78,117.069,0,1418.07,250.721,9056.65,761.013,382.629,36.1632,0.0817,187.837,0.2474,3.7549,12.8
2026-08-14T18:30:38,V6c_b64,6000,10000,conditioned_spd_givens,59838446,0,512,16x16,FP32,ordinary_partial_pivoting_blocked_lu_cublas_fused_pivot_swap,-1,551.045,261.322,6.71141e-09,1.72876e-06,0.000237712,0.00439572,0,7848.53,114.383,0,1738.26,258.153,9959.33,776.758,342.758,41.5612,0,551.045,0.2063,1.9984,12.8
2026-08-14T18:30:52,V6e_b64,6000,10000,conditioned_spd_givens,59838446,0,512,16x16,FP32,ordinary_partial_pivoting_blocked_lu_cublas_single_panel_deferred_swaps,-1,714.199,201.624,6.71141e-09,1.72876e-06,0.000237712,0.00439572,0,10727.8,224.392,0,2162.44,282.122,13396.8,955.13,429.242,38.2442,0,714.201,0.2082,2.1918,12.8
2026-08-14T18:31:05,V5c_b64,6000,10000,conditioned_spd_givens,59838446,0,512,16x16,FP32,ordinary_partial_pivoting_blocked_lu_custom_rank_b_update,-1,928.899,155.022,6.71106e-09,1.74117e-06,0.000237712,0.00439572,0,9044.98,139.893,0,2098.49,233.587,11517,751.236,343.05,37.5023,0,928.905,0.4694,3.4118,12.8
2026-08-14T18:31:16,V4,6000,1e+06,conditioned_spd_givens,59838648,0,512,16x16,FP32,ordinary_partial_pivoting_cusolver_getrf,-1,184.906,778.776,6.22081e-09,1.36761e-06,0.0229612,0.610596,0,9050.05,107.996,0,1448.25,255.072,10861.4,829.993,365.784,33.8421,0.0421,184.909,0.1292,4.8382,12.8
2026-08-14T18:31:31,V6c_b64,6000,1e+06,conditioned_spd_givens,59838648,0,512,16x16,FP32,ordinary_partial_pivoting_blocked_lu_cublas_fused_pivot_swap,-1,528.173,272.638,6.38235e-09,1.12865e-06,0.0213884,0.605286,0,10358.5,189.316,0,1754.69,302.05,12604.5,825.258,305.165,37.4636,0,528.202,0.3135,4.0819,12.8
2026-08-14T18:31:44,V6e_b64,6000,1e+06,conditioned_spd_givens,59838648,0,512,16x16,FP32,ordinary_partial_pivoting_blocked_lu_cublas_single_panel_deferred_swaps,-1,680.228,211.694,6.38235e-09,1.12865e-06,0.0213884,0.605286,0,10164.5,123.785,0,1824.16,276.785,12389.2,784.724,299.18,41.2688,0,680.233,0.1454,3.2894,12.8
2026-08-14T18:31:58,V5c_b64,6000,1e+06,conditioned_spd_givens,59838648,0,512,16x16,FP32,ordinary_partial_pivoting_blocked_lu_custom_rank_b_update,-1,1037.58,138.784,6.40022e-09,1.13309e-06,0.0213884,0.605286,0,10763.1,117.593,0,2435.79,300.374,13616.9,928.855,402.976,42.1532,0,1037.62,0.1641,1.9351,12.8
2026-08-14T18:32:24,V4,8000,100,conditioned_spd_givens,79784244,0,512,16x16,FP32,ordinary_partial_pivoting_cusolver_getrf,-1,330.601,1032.46,5.69343e-09,1.8345e-06,2.81371e-06,6.52075e-05,0,21422,369.131,0,2751.17,459.542,25001.9,1880.64,416.055,71.6532,0.1482,330.606,0.1713,5.7267,12.8
2026-08-14T18:32:52,V6c_b64,8000,100,conditioned_spd_givens,79784244,0,512,16x16,FP32,ordinary_partial_pivoting_blocked_lu_cublas_fused_pivot_swap,-1,788.089,433.115,5.67233e-09,1.51481e-06,2.68265e-06,5.14984e-05,0,22716.5,232.025,0,2890.44,457.083,26296.1,1535.18,437.831,74.9998,0,788.117,0.2746,6.4548,12.8
2026-08-14T18:33:16,V6e_b64,8000,100,conditioned_spd_givens,79784244,0,512,16x16,FP32,ordinary_partial_pivoting_blocked_lu_cublas_single_panel_deferred_swaps,-1,1367.84,249.541,5.67233e-09,1.51481e-06,2.68265e-06,5.14984e-05,0,19682,173.232,0,3237.28,375.552,23468,1466.41,284.011,82.8673,0,1367.85,0.1745,3.0391,12.8
2026-08-14T18:33:36,V5c_b64,8000,100,conditioned_spd_givens,79784244,0,512,16x16,FP32,ordinary_partial_pivoting_blocked_lu_custom_rank_b_update,-1,1879.24,181.634,5.68526e-09,1.49373e-06,2.6835e-06,5.16176e-05,0,14708.9,161.389,0,3768.17,371.542,19010,1427.22,370.695,56.7058,0,1879.24,0.1131,2.2786,12.8
2026-08-14T18:33:56,V4,8000,10000,conditioned_spd_givens,79784446,0,512,16x16,FP32,ordinary_partial_pivoting_cusolver_getrf,-1,334.372,1020.82,5.5937e-09,1.31673e-06,0.000218331,0.00597858,0,14952.1,499.661,0,3061.99,509.775,19023.5,2229.43,380.163,69.6312,0.0588,334.373,0.1493,5.5773,12.8
2026-08-14T18:34:20,V6c_b64,8000,10000,conditioned_spd_givens,79784446,0,512,16x16,FP32,ordinary_partial_pivoting_blocked_lu_cublas_fused_pivot_swap,-1,769.794,443.409,5.52728e-09,1.36988e-06,0.000187317,0.00469791,0,19704.9,216.079,0,2856.69,487.53,23265.2,1645.49,329.907,58.3515,0,769.828,0.1591,3.8083,12.8
2026-08-14T18:34:42,V6e_b64,8000,10000,conditioned_spd_givens,79784446,0,512,16x16,FP32,ordinary_partial_pivoting_blocked_lu_cublas_single_panel_deferred_swaps,-1,1370.51,249.057,5.52728e-09,1.36988e-06,0.000187317,0.00469791,0,17352,189.07,0,3161.8,391.27,21094.1,1362.86,319.65,59.2835,0,1370.51,0.2148,4.0717,12.8
2026-08-14T18:35:02,V5c_b64,8000,10000,conditioned_spd_givens,79784446,0,512,16x16,FP32,ordinary_partial_pivoting_blocked_lu_custom_rank_b_update,-1,1908.5,178.849,5.50913e-09,1.32531e-06,0.000187317,0.00469791,0,15670.2,181.084,0,3624.11,449.404,19924.8,1296.95,310.379,62.6716,0,1908.54,0.3101,4.4331,12.8
2026-08-14T18:35:22,V4,8000,1e+06,conditioned_spd_givens,79784648,0,512,16x16,FP32,ordinary_partial_pivoting_cusolver_getrf,-1,320.226,1065.91,5.49826e-09,1.94456e-06,0.0193378,0.408622,0,15504.4,244.844,0,3002.76,591.473,19343.5,2007.79,524.293,80.9315,0.1148,320.226,0.1655,5.2474,12.8
2026-08-14T18:35:46,V6c_b64,8000,1e+06,conditioned_spd_givens,79784648,0,512,16x16,FP32,ordinary_partial_pivoting_blocked_lu_cublas_fused_pivot_swap,-1,779.491,437.892,5.56183e-09,1.22926e-06,0.015998,0.411996,0,19222.1,244.121,0,2880.25,462.67,22809.1,1669.09,313.318,67.8738,0,779.497,0.2843,3.2323,12.8
2026-08-14T18:36:15,V6e_b64,8000,1e+06,conditioned_spd_givens,79784648,0,512,16x16,FP32,ordinary_partial_pivoting_blocked_lu_cublas_single_panel_deferred_swaps,-1,1364.74,250.109,5.56183e-09,1.22926e-06,0.015998,0.411996,0,23956.8,231.429,0,3068.37,419.098,27675.7,1285.36,325.932,53.2166,0,1364.8,0.1321,2.9757,12.8
2026-08-14T18:36:35,V5c_b64,8000,1e+06,conditioned_spd_givens,79784648,0,512,16x16,FP32,ordinary_partial_pivoting_blocked_lu_custom_rank_b_update,-1,1783.62,191.371,5.57606e-09,1.22932e-06,0.015998,0.411996,0,15390,143.263,0,3447.59,423.388,19404.2,1262.41,314.394,53.6767,0,1783.65,0.2055,4.4947,12.8
2026-08-14T18:36:38,V6c_b64,2000,100,conditioned_spd_givens,20946247,0,512,16x16,FP32,ordinary_partial_pivoting_blocked_lu_cublas_fused_pivot_swap,-1,124.816,42.7295,1.15426e-08,1.37182e-06,5.00344e-06,6.22153e-05,0,661.322,10.8257,0,412.102,23.1467,1107.4,44.1668,234.21,6.2127,0,124.819,0.1511,0.9889,12.8
2026-08-14T18:36:40,V6e_b64,2000,100,conditioned_spd_givens,20946247,0,512,16x16,FP32,ordinary_partial_pivoting_blocked_lu_cublas_single_panel_deferred_swaps,-1,104.645,50.9662,1.15426e-08,1.37182e-06,5.00344e-06,6.22153e-05,0,707.028,10.0695,0,357.946,23.0029,1098.05,38.5499,207.053,4.3444,0,104.664,0.1999,1.4644,12.8
2026-08-14T18:36:41,V5c_b64,2000,100,conditioned_spd_givens,20946247,0,512,16x16,FP32,ordinary_partial_pivoting_blocked_lu_custom_rank_b_update,-1,128.276,41.5769,1.15749e-08,1.34247e-06,5.00368e-06,6.22153e-05,0,663.866,8.9455,0,350.76,25.8783,1049.45,46.8568,169.487,3.85,0,128.277,0.1449,1.0227,12.8
2026-08-14T18:36:43,V4,2000,100,conditioned_spd_givens,20946247,0,512,16x16,FP32,ordinary_partial_pivoting_cusolver_getrf,-1,40.2516,132.5,1.18011e-08,1.5201e-06,5.25079e-06,6.04868e-05,0,700.909,11.4733,0,309.18,24.0643,1045.63,41.1074,220.008,4.0766,0.079,40.2497,0.1578,1.8996,12.8
2026-08-14T18:36:45,V6c_b64,2000,10000,conditioned_spd_givens,20946449,0,512,16x16,FP32,ordinary_partial_pivoting_blocked_lu_cublas_fused_pivot_swap,-1,145.615,36.6263,1.11778e-08,9.28428e-07,0.000257256,0.00423658,0,644.678,11.9886,0,378.795,24.1198,1059.58,43.1,183.532,3.7784,0,145.618,0.1893,1.1702,12.8
2026-08-14T18:36:47,V6e_b64,2000,10000,conditioned_spd_givens,20946449,0,512,16x16,FP32,ordinary_partial_pivoting_blocked_lu_cublas_single_panel_deferred_swaps,-1,109.384,48.758,1.11778e-08,9.28428e-07,0.000257256,0.00423658,0,687.658,8.9201,0,388.591,38.074,1123.24,41.8507,230.691,3.3276,0,109.39,0.168,1.5446,12.8
2026-08-14T18:36:49,V5c_b64,2000,10000,conditioned_spd_givens,20946449,0,512,16x16,FP32,ordinary_partial_pivoting_blocked_lu_custom_rank_b_update,-1,143.061,37.2801,1.12659e-08,9.32616e-07,0.000257255,0.00423658,0,656.574,10.4494,0,396.442,24.1832,1087.65,36.1486,211.086,3.2307,0,143.064,0.1607,1.3357,12.8
2026-08-14T18:36:52,V4,2000,10000,conditioned_spd_givens,20946449,0,512,16x16,FP32,ordinary_partial_pivoting_cusolver_getrf,-1,39.2997,135.709,1.12794e-08,8.92947e-07,0.000314032,0.00483179,0,652.268,9.25,0,310.638,27.435,999.591,38.4872,224.743,3.1884,0.027,39.3026,0.2271,3.0084,12.8
2026-08-14T18:36:54,V6c_b64,2000,1e+06,conditioned_spd_givens,20946651,0,512,16x16,FP32,ordinary_partial_pivoting_blocked_lu_cublas_fused_pivot_swap,-1,140.846,37.8663,1.10618e-08,7.86708e-07,0.0165134,0.202287,0,657.108,9.5617,0,387.431,28.606,1082.71,47.0617,192.148,3.8169,0,140.851,0.2068,1.6287,12.8
2026-08-14T18:36:56,V6e_b64,2000,1e+06,conditioned_spd_givens,20946651,0,512,16x16,FP32,ordinary_partial_pivoting_blocked_lu_cublas_single_panel_deferred_swaps,-1,104.703,50.9379,1.10618e-08,7.86708e-07,0.0165134,0.202287,0,678.269,11.0168,0,358.723,25.4967,1073.51,36.6123,208.433,4.241,0,104.719,0.1626,2.0605,12.8
2026-08-14T18:36:58,V5c_b64,2000,1e+06,conditioned_spd_givens,20946651,0,512,16x16,FP32,ordinary_partial_pivoting_blocked_lu_custom_rank_b_update,-1,155.245,34.3543,1.12194e-08,8.40717e-07,0.0165134,0.202287,0,648.151,11.7292,0,452.033,25.8097,1137.72,45.0229,241.941,5.9634,0,155.25,0.1838,1.5581,12.8
2026-08-14T18:37:02,V4,2000,1e+06,conditioned_spd_givens,20946651,0,512,16x16,FP32,ordinary_partial_pivoting_cusolver_getrf,-1,47.407,112.501,1.09947e-08,9.49365e-07,0.0186273,0.199596,0,829.408,12.1887,0,387.165,32.9775,1261.74,59.6717,270.813,3.9056,0.0416,47.4128,0.1824,2.995,12.8
2026-08-14T18:37:09,V6c_b64,4096,100,conditioned_spd_givens,41849655,0,512,16x16,FP32,ordinary_partial_pivoting_blocked_lu_cublas_fused_pivot_swap,-1,280.257,163.468,8.0845e-09,1.5562e-06,3.36636e-06,6.49214e-05,0,4928.62,40.3194,0,801.636,150.018,5920.59,258.873,239.753,14.775,0,280.276,0.14,1.473,12.8
2026-08-14T18:37:16,V6e_b64,4096,100,conditioned_spd_givens,41849655,0,512,16x16,FP32,ordinary_partial_pivoting_blocked_lu_cublas_single_panel_deferred_swaps,-1,326.283,140.409,8.0845e-09,1.5562e-06,3.36636e-06,6.49214e-05,0,4924.88,42.7579,0,843.751,98.1972,5909.58,251.905,243.145,15.4858,0,326.285,0.228,1.6811,12.8
2026-08-14T18:37:24,V5c_b64,4096,100,conditioned_spd_givens,41849655,0,512,16x16,FP32,ordinary_partial_pivoting_blocked_lu_custom_rank_b_update,-1,443.178,103.374,8.0802e-09,1.56454e-06,3.36622e-06,6.49214e-05,0,5286.79,51.6112,0,978.141,103.27,6419.82,287.18,221.998,19.5049,0,443.254,0.126,0.9803,12.8
2026-08-14T18:37:30,V4,4096,100,conditioned_spd_givens,41849655,0,512,16x16,FP32,ordinary_partial_pivoting_cusolver_getrf,-1,89.1314,513.994,8.0871e-09,1.36881e-06,3.81762e-06,7.41005e-05,0,4945.53,41.9797,0,561.56,111.96,5661.03,256.401,195.681,13.7297,0.0631,89.1353,0.1683,1.9602,12.8
2026-08-14T18:37:37,V6c_b64,4096,10000,conditioned_spd_givens,41849857,0,512,16x16,FP32,ordinary_partial_pivoting_blocked_lu_cublas_fused_pivot_swap,-1,286.575,159.864,8.28777e-09,1.43231e-06,0.000292648,0.0049468,0,4688.03,46.2289,0,760.786,128.559,5623.6,245.175,204.537,15.0358,0,286.585,0.2384,1.9616,12.8
2026-08-14T18:37:47,V6e_b64,4096,10000,conditioned_spd_givens,41849857,0,512,16x16,FP32,ordinary_partial_pivoting_blocked_lu_cublas_single_panel_deferred_swaps,-1,320.517,142.934,8.28777e-09,1.43231e-06,0.000292648,0.0049468,0,7358.29,98.5358,0,1246.29,191.705,8894.82,450.019,430.877,28.9771,0,320.515,0.9399,2.4506,12.8
2026-08-14T18:37:58,V5c_b64,4096,10000,conditioned_spd_givens,41849857,0,512,16x16,FP32,ordinary_partial_pivoting_blocked_lu_custom_rank_b_update,-1,633.201,72.3515,8.28313e-09,1.43049e-06,0.000292645,0.0049468,0,7438.52,101.945,0,1439.69,168.235,9148.39,449.594,329.727,18.3825,0,633.199,0.2298,1.8858,12.8
2026-08-14T18:38:06,V4,4096,10000,conditioned_spd_givens,41849857,0,512,16x16,FP32,ordinary_partial_pivoting_cusolver_getrf,-1,89.0716,514.339,8.26682e-09,1.35304e-06,0.000299236,0.00467184,0,6373.12,50.3924,0,624.836,92.853,7141.2,295.457,207.63,20.0632,0.0444,89.0736,0.167,1.9545,12.8
2026-08-14T18:38:12,V6c_b64,4096,1e+06,conditioned_spd_givens,41850059,0,512,16x16,FP32,ordinary_partial_pivoting_blocked_lu_cublas_fused_pivot_swap,-1,271.714,168.607,8.319e-09,1.14618e-06,0.0202806,0.324531,0,4595.69,39.0235,0,771.636,96.4747,5502.82,267.965,206.19,17.7086,0,271.723,0.3019,1.8527,12.8
2026-08-14T18:38:19,V6e_b64,4096,1e+06,conditioned_spd_givens,41850059,0,512,16x16,FP32,ordinary_partial_pivoting_blocked_lu_cublas_single_panel_deferred_swaps,-1,322.641,141.994,8.319e-09,1.14618e-06,0.0202806,0.324531,0,4641.67,49.8489,0,837.665,103.989,5633.17,270.435,224.161,14.7782,0,322.645,0.1484,1.0339,12.8
2026-08-14T18:38:25,V5c_b64,4096,1e+06,conditioned_spd_givens,41850059,0,512,16x16,FP32,ordinary_partial_pivoting_blocked_lu_custom_rank_b_update,-1,403.11,113.649,8.30734e-09,1.15031e-06,0.0202806,0.324531,0,4703.17,49.3975,0,912.686,90.7462,5756,262.595,223.315,15.3189,0,403.124,0.2109,1.4905,12.8
2026-08-14T18:38:31,V4,4096,1e+06,conditioned_spd_givens,41850059,0,512,16x16,FP32,ordinary_partial_pivoting_cusolver_getrf,-1,83.5993,548.007,7.8992e-09,1.33239e-06,0.0230555,0.350644,0,4735.04,44.3239,0,588.827,96.6078,5464.79,264.349,212.878,19.5442,0.0607,83.6017,0.1431,2.1087,12.8
2026-08-14T18:38:42,V6c_b64,6000,100,conditioned_spd_givens,60838247,0,512,16x16,FP32,ordinary_partial_pivoting_blocked_lu_cublas_fused_pivot_swap,-1,512.668,280.884,6.47955e-09,1.94126e-06,2.84995e-06,5.04255e-05,0,7759.77,88.9653,0,1586.39,236.034,9671.16,677.025,332.34,41.6361,0,512.67,0.215,2.0379,12.8
2026-08-14T18:38:51,V6e_b64,6000,100,conditioned_spd_givens,60838247,0,512,16x16,FP32,ordinary_partial_pivoting_blocked_lu_cublas_single_panel_deferred_swaps,-1,677.116,212.667,6.47955e-09,1.94126e-06,2.84995e-06,5.04255e-05,0,7097.35,92.31,0,1506.19,206.628,8902.48,555.135,225.439,32.493,0,677.142,0.1385,2.0621,12.8
2026-08-14T18:39:02,V5c_b64,6000,100,conditioned_spd_givens,60838247,0,512,16x16,FP32,ordinary_partial_pivoting_blocked_lu_custom_rank_b_update,-1,932.121,154.486,6.47955e-09,1.94126e-06,2.84995e-06,5.04255e-05,0,7885.91,93.4546,0,1785.3,250.531,10015.2,587.44,218.818,31.3551,0,932.144,0.1861,1.8482,12.8
2026-08-14T18:39:12,V4,6000,100,conditioned_spd_givens,60838247,0,512,16x16,FP32,ordinary_partial_pivoting_cusolver_getrf,-1,184.373,781.026,6.4099e-09,1.94966e-06,3.10079e-06,5.22733e-05,0,7539.21,82.8608,0,1051.15,208.424,8881.64,569.611,249.798,31.9528,0.0435,184.378,0.1409,3.2449,12.8
2026-08-14T18:39:21,V6c_b64,6000,10000,conditioned_spd_givens,60838449,0,512,16x16,FP32,ordinary_partial_pivoting_blocked_lu_cublas_fused_pivot_swap,-1,424.098,339.544,6.88765e-09,1.83225e-06,0.000272481,0.00770645,0,7283.61,91.5406,0,1288.07,227.328,8890.54,573.347,240.431,34.2456,0,424.176,0.2396,3.0587,12.8
2026-08-14T18:39:31,V6e_b64,6000,10000,conditioned_spd_givens,60838449,0,512,16x16,FP32,ordinary_partial_pivoting_blocked_lu_cublas_single_panel_deferred_swaps,-1,673.528,213.799,6.88765e-09,1.83225e-06,0.000272481,0.00770645,0,7454.06,95.2512,0,1497.98,216.353,9263.64,569.546,205.035,30.0653,0,673.587,0.3697,3.0845,12.8
2026-08-14T18:39:42,V5c_b64,6000,10000,conditioned_spd_givens,60838449,0,512,16x16,FP32,ordinary_partial_pivoting_blocked_lu_custom_rank_b_update,-1,930.492,154.757,6.88084e-09,1.83351e-06,0.000272482,0.00770645,0,7577.93,139.724,0,1905.8,233.697,9857.15,642.624,277.568,41.4681,0,930.48,0.1312,2.221,12.8
2026-08-14T18:39:56,V4,6000,10000,conditioned_spd_givens,60838449,0,512,16x16,FP32,ordinary_partial_pivoting_cusolver_getrf,-1,188.871,762.427,6.98132e-09,1.59539e-06,0.000291836,0.00841348,0,11385.5,102.637,0,1262.26,209.362,12959.7,742.438,264.45,35.6037,0.0506,188.899,0.1842,3.4155,12.8
2026-08-14T18:40:08,V6c_b64,6000,1e+06,conditioned_spd_givens,60838651,0,512,16x16,FP32,ordinary_partial_pivoting_blocked_lu_cublas_fused_pivot_swap,-1,463.436,310.723,6.37582e-09,1.2865e-06,0.0207349,0.706767,0,8600.6,99.1345,0,1519.29,228.139,10447.2,689.695,308.954,34.5372,0,463.458,0.1385,2.6751,12.8
2026-08-14T18:40:18,V6e_b64,6000,1e+06,conditioned_spd_givens,60838651,0,512,16x16,FP32,ordinary_partial_pivoting_blocked_lu_cublas_single_panel_deferred_swaps,-1,709.114,203.07,6.37582e-09,1.2865e-06,0.0207349,0.706767,0,7640.45,94.918,0,1614.39,232.802,9582.56,577.322,274.322,35.1147,0,709.134,0.2806,3.0841,12.8
2026-08-14T18:40:29,V5c_b64,6000,1e+06,conditioned_spd_givens,60838651,0,512,16x16,FP32,ordinary_partial_pivoting_blocked_lu_custom_rank_b_update,-1,903.936,159.303,6.39218e-09,1.29467e-06,0.0207349,0.706767,0,7624.67,103.647,0,1994.54,215.008,9937.86,769.75,274.979,31.2195,0,903.938,0.1899,1.9466,12.8
2026-08-14T18:40:40,V4,6000,1e+06,conditioned_spd_givens,60838651,0,512,16x16,FP32,ordinary_partial_pivoting_cusolver_getrf,-1,175.943,818.447,6.28267e-09,1.10659e-06,0.0230519,0.596249,0,8719.82,112.692,0,1215.67,223.762,10271.9,748.252,237.915,32.3146,0.0651,175.947,0.1709,3.6181,12.8
2026-08-14T18:41:00,V6c_b64,8000,100,conditioned_spd_givens,80784247,0,512,16x16,FP32,ordinary_partial_pivoting_blocked_lu_cublas_fused_pivot_swap,-1,739.434,461.614,5.74213e-09,2.1149e-06,2.44138e-06,8.88944e-05,0,16349.8,264.453,0,2640.32,388.614,19643.2,1458.05,346.019,55.4881,0,739.447,0.1416,3.9399,12.8
2026-08-14T18:41:19,V6e_b64,8000,100,conditioned_spd_givens,80784247,0,512,16x16,FP32,ordinary_partial_pivoting_blocked_lu_cublas_single_panel_deferred_swaps,-1,1366.04,249.871,5.74213e-09,2.1149e-06,2.44138e-06,8.88944e-05,0,15014,180.385,0,2837.34,386.426,18418.2,1103.31,279.454,56.5654,0,1366.04,0.1418,5.1213,12.8
2026-08-14T18:41:39,V5c_b64,8000,100,conditioned_spd_givens,80784247,0,512,16x16,FP32,ordinary_partial_pivoting_blocked_lu_custom_rank_b_update,-1,1831.17,186.402,5.73766e-09,2.1135e-06,2.44178e-06,8.88944e-05,0,15148.4,169.338,0,3459.41,386.886,19164,1192.34,335.49,60.2318,0,1831.19,0.1718,2.9662,12.8
2026-08-14T18:41:58,V4,8000,100,conditioned_spd_givens,80784247,0,512,16x16,FP32,ordinary_partial_pivoting_cusolver_getrf,-1,332.27,1027.28,5.75523e-09,1.80175e-06,2.90057e-06,8.40068e-05,0,15594.6,172.812,0,2036.76,417.18,18221.3,1246.52,349.797,63.2656,0.0462,332.274,0.1934,4.5765,12.8
2026-08-14T18:42:17,V6c_b64,8000,10000,conditioned_spd_givens,80784449,0,512,16x16,FP32,ordinary_partial_pivoting_blocked_lu_cublas_fused_pivot_swap,-1,724.728,470.981,5.56873e-09,1.1298e-06,0.000193934,0.00509005,0,15370.2,171.025,0,2480.35,383.435,18405.1,1360.13,302.36,51.3402,0,724.736,0.167,3.8545,12.8
2026-08-14T18:42:39,V6e_b64,8000,10000,conditioned_spd_givens,80784449,0,512,16x16,FP32,ordinary_partial_pivoting_blocked_lu_cublas_single_panel_deferred_swaps,-1,1375.44,248.164,5.56873e-09,1.1298e-06,0.000193934,0.00509005,0,17011.8,239.771,0,3572.32,446.61,21270.5,1690.7,388.029,73.8333,0,1375.44,0.1941,3.3923,12.8
2026-08-14T18:43:07,V5c_b64,8000,10000,conditioned_spd_givens,80784449,0,512,16x16,FP32,ordinary_partial_pivoting_blocked_lu_custom_rank_b_update,-1,1916.91,178.065,5.56e-09,1.1298e-06,0.000193934,0.00509005,0,22719.8,220.056,0,3626.55,481.529,27048,1305.97,288.325,60.9241,0,1917.01,0.3645,3.5152,12.8
2026-08-14T18:43:28,V4,8000,10000,conditioned_spd_givens,80784449,0,512,16x16,FP32,ordinary_partial_pivoting_cusolver_getrf,-1,345.203,988.791,5.40561e-09,1.22108e-06,0.000209765,0.00349435,0,16883.1,186.662,0,2339.44,542.185,19951.4,1195.53,695.98,59.3751,0.0486,345.212,0.3436,8.077,12.8
2026-08-14T18:43:51,V6c_b64,8000,1e+06,conditioned_spd_givens,80784651,0,512,16x16,FP32,ordinary_partial_pivoting_blocked_lu_cublas_fused_pivot_swap,-1,711.846,479.505,5.46058e-09,1.37085e-06,0.0136655,0.359194,0,18481.5,261.88,0,2564.64,351.748,21659.7,1431.13,310.585,57.9003,0,711.851,0.2286,14.4475,12.8
2026-08-14T18:44:12,V6e_b64,8000,1e+06,conditioned_spd_givens,80784651,0,512,16x16,FP32,ordinary_partial_pivoting_blocked_lu_cublas_single_panel_deferred_swaps,-1,1360.8,250.833,5.46058e-09,1.37085e-06,0.0136655,0.359194,0,16581.3,197.029,0,2967.63,485.28,20231.2,1235.96,279.765,64.0807,0,1360.84,0.2309,4.7314,12.8
2026-08-14T18:44:34,V5c_b64,8000,1e+06,conditioned_spd_givens,80784651,0,512,16x16,FP32,ordinary_partial_pivoting_blocked_lu_custom_rank_b_update,-1,1814.84,188.079,5.45203e-09,1.35171e-06,0.0136655,0.359193,0,15833.9,181.674,0,3248.16,402.491,19666.2,1134.31,207.935,66.086,0,1814.84,0.1765,3.6598,12.8
2026-08-14T18:44:52,V4,8000,1e+06,conditioned_spd_givens,80784651,0,512,16x16,FP32,ordinary_partial_pivoting_cusolver_getrf,-1,308.516,1106.37,5.44048e-09,1.2436e-06,0.0159243,0.405575,0,14735,190.972,0,1970.85,433.21,17330.1,1236.29,329.768,57.3007,0.0692,308.524,0.2229,4.8007,12.8
2026-08-14T18:44:54,V6e_b64,2000,100,conditioned_spd_givens,21946250,0,512,16x16,FP32,ordinary_partial_pivoting_blocked_lu_cublas_single_panel_deferred_swaps,-1,107.114,49.7913,1.18072e-08,1.39896e-06,4.55695e-06,9.17077e-05,0,697.22,12.49,0,341.078,22.7241,1073.51,40.682,186.225,4.7733,0,107.1,0.1503,0.9267,12.8
2026-08-14T18:44:56,V5c_b64,2000,100,conditioned_spd_givens,21946250,0,512,16x16,FP32,ordinary_partial_pivoting_blocked_lu_custom_rank_b_update,-1,142.711,37.3716,1.18075e-08,1.40419e-06,4.55363e-06,9.17077e-05,0,614.922,13.0196,0,370.2,25.2071,1023.35,47.6161,173.954,3.0752,0,142.755,0.1626,1.0815,12.8
2026-08-14T18:44:58,V4,2000,100,conditioned_spd_givens,21946250,0,512,16x16,FP32,ordinary_partial_pivoting_cusolver_getrf,-1,39.493,135.045,1.21093e-08,1.28866e-06,5.17502e-06,0.000101721,0,644.878,8.6703,0,274.243,26.1428,953.933,36.3058,190.51,4.0115,0.0396,39.4965,0.1432,1.8353,12.8
2026-08-14T18:44:59,V6c_b64,2000,100,conditioned_spd_givens,21946250,0,512,16x16,FP32,ordinary_partial_pivoting_blocked_lu_cublas_fused_pivot_swap,-1,112.886,47.2454,1.18072e-08,1.39896e-06,4.55695e-06,9.17077e-05,0,634.886,10.897,0,343.694,26.7909,1016.27,40.9336,183.876,3.2019,0,112.889,0.1588,1.2991,12.8
2026-08-14T18:45:01,V6e_b64,2000,10000,conditioned_spd_givens,21946452,0,512,16x16,FP32,ordinary_partial_pivoting_blocked_lu_cublas_single_panel_deferred_swaps,-1,108.11,49.3327,1.11591e-08,9.13045e-07,0.000271814,0.00357773,0,594.963,11.8992,0,368.073,23.7161,998.651,48.5647,205.122,3.2686,0,108.159,0.2901,1.1405,12.8
2026-08-14T18:45:03,V5c_b64,2000,10000,conditioned_spd_givens,21946452,0,512,16x16,FP32,ordinary_partial_pivoting_blocked_lu_custom_rank_b_update,-1,146.886,36.3093,1.11557e-08,9.16126e-07,0.000271817,0.00357785,0,641.686,13.519,0,391.406,21.8944,1068.5,42.6248,194.287,4.8867,0,146.891,0.1708,1.1943,12.8
2026-08-14T18:45:04,V4,2000,10000,conditioned_spd_givens,21946452,0,512,16x16,FP32,ordinary_partial_pivoting_cusolver_getrf,-1,37.0656,143.889,1.20982e-08,1.10658e-06,0.000341862,0.00392104,0,635.87,11.2552,0,285.133,23.9298,956.188,40.481,200.129,3.5214,0.0267,37.0685,0.1076,1.9452,12.8
2026-08-14T18:45:06,V6c_b64,2000,10000,conditioned_spd_givens,21946452,0,512,16x16,FP32,ordinary_partial_pivoting_blocked_lu_cublas_fused_pivot_swap,-1,100.224,53.2139,1.11591e-08,9.13045e-07,0.000271814,0.00357773,0,613.901,10.8392,0,328.375,30.0438,983.159,38.3323,181.329,5.8513,0,100.285,0.1344,1.1644,12.8
2026-08-14T18:45:08,V6e_b64,2000,1e+06,conditioned_spd_givens,21946654,0,512,16x16,FP32,ordinary_partial_pivoting_blocked_lu_cublas_single_panel_deferred_swaps,-1,103.441,51.5592,1.04315e-08,9.87325e-07,0.0213707,0.347093,0,613.894,9.0971,0,345.762,24.3304,993.084,42.9185,192.105,4.6852,0,103.496,0.1379,1.1297,12.8
2026-08-14T18:45:09,V5c_b64,2000,1e+06,conditioned_spd_givens,21946654,0,512,16x16,FP32,ordinary_partial_pivoting_blocked_lu_custom_rank_b_update,-1,124.823,42.7271,1.03662e-08,9.83901e-07,0.0213707,0.347093,0,634.849,8.8845,0,363.334,23.2304,1030.3,44.9215,186.323,4.887,0,124.827,0.1103,0.8473,12.8
2026-08-14T18:45:11,V4,2000,1e+06,conditioned_spd_givens,21946654,0,512,16x16,FP32,ordinary_partial_pivoting_cusolver_getrf,-1,39.7004,134.339,1.05197e-08,7.80853e-07,0.0260128,0.366423,0,615.577,10.1099,0,303.859,32.9064,962.452,42.2971,214.571,3.2222,0.0284,39.7172,0.2093,2.4852,12.8
2026-08-14T18:45:13,V6c_b64,2000,1e+06,conditioned_spd_givens,21946654,0,512,16x16,FP32,ordinary_partial_pivoting_blocked_lu_cublas_fused_pivot_swap,-1,117.27,45.4791,1.04315e-08,9.87325e-07,0.0213707,0.347093,0,619.023,8.2142,0,373.047,25.6812,1025.97,46.7191,203.496,3.1385,0,117.275,0.1555,1.0108,12.8
2026-08-14T18:45:19,V6e_b64,4096,100,conditioned_spd_givens,42849658,0,512,16x16,FP32,ordinary_partial_pivoting_blocked_lu_cublas_single_panel_deferred_swaps,-1,327.364,139.945,7.86737e-09,1.38717e-06,2.88541e-06,5.42641e-05,0,4558.36,39.9443,0,805.957,98.2232,5502.48,250.853,204.622,16.3682,0,327.376,0.2122,1.582,12.8
2026-08-14T18:45:25,V5c_b64,4096,100,conditioned_spd_givens,42849658,0,512,16x16,FP32,ordinary_partial_pivoting_blocked_lu_custom_rank_b_update,-1,432.054,106.035,7.85386e-09,1.38716e-06,2.88596e-06,5.42641e-05,0,4865.56,42.1718,0,955.303,93.5136,5956.55,286.474,214.623,15.7105,0,432.062,0.1268,1.3283,12.8
2026-08-14T18:45:31,V4,4096,100,conditioned_spd_givens,42849658,0,512,16x16,FP32,ordinary_partial_pivoting_cusolver_getrf,-1,87.9798,520.722,7.85816e-09,1.36709e-06,3.10829e-06,5.60522e-05,0,4560.87,36.1738,0,582.139,102.403,5281.59,254.997,215.885,15.5917,0.0535,87.9806,0.1622,2.2159,12.8
2026-08-14T18:45:37,V6c_b64,4096,100,conditioned_spd_givens,42849658,0,512,16x16,FP32,ordinary_partial_pivoting_blocked_lu_cublas_fused_pivot_swap,-1,264.572,173.159,7.86737e-09,1.38717e-06,2.88541e-06,5.42641e-05,0,4514.14,36.2846,0,762.145,99.2392,5411.81,260.334,209.369,16.3849,0,264.582,0.151,1.2679,12.8
2026-08-14T18:45:44,V6e_b64,4096,10000,conditioned_spd_givens,42849860,0,512,16x16,FP32,ordinary_partial_pivoting_blocked_lu_cublas_single_panel_deferred_swaps,-1,321.455,142.517,7.73665e-09,1.29595e-06,0.00027536,0.00415574,0,4467.91,37.6457,0,800.861,81.6972,5388.12,245.409,206.873,17.6598,0,321.506,0.1759,1.2863,12.8
2026-08-14T18:45:50,V5c_b64,4096,10000,conditioned_spd_givens,42849860,0,512,16x16,FP32,ordinary_partial_pivoting_blocked_lu_custom_rank_b_update,-1,425.289,107.722,7.72308e-09,1.27228e-06,0.00027536,0.00415574,0,4510.54,41.9743,0,910.214,96.3684,5559.1,267.006,196.465,14.8804,0,425.291,0.121,0.9392,12.8
2026-08-14T18:45:56,V4,4096,10000,conditioned_spd_givens,42849860,0,512,16x16,FP32,ordinary_partial_pivoting_cusolver_getrf,-1,85.7418,534.313,7.8115e-09,1.30303e-06,0.000326133,0.00492625,0,4486.6,39.8593,0,588.38,91.2311,5206.07,260.705,217.402,16.6898,0.036,85.7589,0.1419,1.6323,12.8
2026-08-14T18:46:02,V6c_b64,4096,10000,conditioned_spd_givens,42849860,0,512,16x16,FP32,ordinary_partial_pivoting_blocked_lu_cublas_fused_pivot_swap,-1,266.042,172.202,7.73665e-09,1.29595e-06,0.00027536,0.00415574,0,4632.37,52.1458,0,819.046,117.445,5621.01,273.437,249.8,19.8388,0,266.138,0.3651,2.3647,12.8
2026-08-14T18:46:08,V6e_b64,4096,1e+06,conditioned_spd_givens,42850062,0,512,16x16,FP32,ordinary_partial_pivoting_blocked_lu_cublas_single_panel_deferred_swaps,-1,330.156,138.761,7.43077e-09,1.00945e-06,0.0213542,0.421738,0,4418.99,40.9179,0,801.198,89.9148,5351.02,258.975,189.365,16.4546,0,330.206,0.1173,1.1645,12.8
2026-08-14T18:46:15,V5c_b64,4096,1e+06,conditioned_spd_givens,42850062,0,512,16x16,FP32,ordinary_partial_pivoting_blocked_lu_custom_rank_b_update,-1,488.004,93.8784,7.39159e-09,1.00365e-06,0.0213542,0.421738,0,4652.73,45.2057,0,1032.91,117.196,5848.04,277.929,237.765,20.3682,0,487.975,0.3164,1.5202,12.8
2026-08-14T18:46:21,V4,4096,1e+06,conditioned_spd_givens,42850062,0,512,16x16,FP32,ordinary_partial_pivoting_cusolver_getrf,-1,82.2429,557.045,8.11983e-09,9.80027e-07,0.0228312,0.472902,0,4738.25,44.305,0,601.777,111.678,5496.01,264.467,232.096,15.2612,0.0356,82.2448,0.1735,2.2123,12.8
2026-08-14T18:46:27,V6c_b64,4096,1e+06,conditioned_spd_givens,42850062,0,512,16x16,FP32,ordinary_partial_pivoting_blocked_lu_cublas_fused_pivot_swap,-1,235.115,194.854,7.43077e-09,1.00945e-06,0.0213542,0.421738,0,4524.64,39.6634,0,719.525,98.4624,5382.29,260.333,200.171,16.2975,0,235.142,0.1544,0.9599,12.8
2026-08-14T18:46:37,V6e_b64,6000,100,conditioned_spd_givens,61838250,0,512,16x16,FP32,ordinary_partial_pivoting_blocked_lu_cublas_single_panel_deferred_swaps,-1,682.218,211.076,6.47284e-09,1.33628e-06,2.43888e-06,3.96967e-05,0,7540.39,96.0025,0,1560.18,211.103,9407.68,617.467,213.585,33.2701,0,682.233,0.0984,1.9784,12.8
2026-08-14T18:46:47,V5c_b64,6000,100,conditioned_spd_givens,61838250,0,512,16x16,FP32,ordinary_partial_pivoting_blocked_lu_custom_rank_b_update,-1,901.349,159.76,6.46722e-09,1.3252e-06,2.43904e-06,3.96967e-05,0,7220.65,107.857,0,1697.47,221.018,9247,552.323,198.007,33.0284,0,901.368,0.1477,1.9094,12.8
2026-08-14T18:46:57,V4,6000,100,conditioned_spd_givens,61838250,0,512,16x16,FP32,ordinary_partial_pivoting_cusolver_getrf,-1,186.197,773.374,6.45564e-09,1.42932e-06,2.73575e-06,3.93391e-05,0,8149.64,106.586,0,1176.03,249.874,9682.12,637.159,292.536,38.7746,0.1113,186.178,0.135,2.781,12.8
2026-08-14T18:47:07,V6c_b64,6000,100,conditioned_spd_givens,61838250,0,512,16x16,FP32,ordinary_partial_pivoting_blocked_lu_cublas_fused_pivot_swap,-1,442.45,325.46,6.47284e-09,1.33628e-06,2.43888e-06,3.96967e-05,0,7720.06,92.4715,0,1222.59,212.315,9247.44,523.864,211.458,30.3901,0,442.473,0.1202,1.7146,12.8
2026-08-14T18:47:17,V6e_b64,6000,10000,conditioned_spd_givens,61838452,0,512,16x16,FP32,ordinary_partial_pivoting_blocked_lu_cublas_single_panel_deferred_swaps,-1,695.661,206.997,6.1625e-09,1.61703e-06,0.000208211,0.00652813,0,7357.28,110.329,0,1576.93,233.713,9278.25,569.913,267.571,30.8139,0,695.669,0.1355,2.229,12.8
2026-08-14T18:47:27,V5c_b64,6000,10000,conditioned_spd_givens,61838452,0,512,16x16,FP32,ordinary_partial_pivoting_blocked_lu_custom_rank_b_update,-1,899.88,160.021,6.16502e-09,1.6169e-06,0.00020821,0.00652813,0,7493.82,95.0721,0,1713.23,210.102,9512.22,549.505,219.698,29.624,0,899.893,0.1161,1.5829,12.8
2026-08-14T18:47:38,V4,6000,10000,conditioned_spd_givens,61838452,0,512,16x16,FP32,ordinary_partial_pivoting_cusolver_getrf,-1,178.808,805.335,6.37359e-09,1.84121e-06,0.000244051,0.00602798,0,8037.42,94.7766,0,1236.56,207.728,9576.48,741.174,260.559,37.6369,0.0885,178.806,0.1103,2.6389,12.8
2026-08-14T18:47:47,V6c_b64,6000,10000,conditioned_spd_givens,61838452,0,512,16x16,FP32,ordinary_partial_pivoting_blocked_lu_cublas_fused_pivot_swap,-1,449.032,320.69,6.1625e-09,1.61703e-06,0.000208211,0.00652813,0,7305.84,83.5843,0,1394.78,225.609,9009.82,645.785,252.088,29.1044,0,449.054,0.1295,1.6037,12.8
2026-08-14T18:47:58,V6e_b64,6000,1e+06,conditioned_spd_givens,61838654,0,512,16x16,FP32,ordinary_partial_pivoting_blocked_lu_cublas_single_panel_deferred_swaps,-1,699.613,205.828,6.46745e-09,1.6308e-06,0.0169495,0.285788,0,7844.39,86.358,0,1594.56,226.268,9751.58,577.223,274.707,29.6162,0,699.617,0.1576,1.6472,12.8
2026-08-14T18:48:08,V5c_b64,6000,1e+06,conditioned_spd_givens,61838654,0,512,16x16,FP32,ordinary_partial_pivoting_blocked_lu_custom_rank_b_update,-1,863.901,166.686,6.45695e-09,1.6308e-06,0.0169495,0.285788,0,7804.9,72.4742,0,1752.74,201.076,9831.19,579.433,260.244,31.783,0,863.919,0.1609,1.9664,12.8
2026-08-14T18:48:18,V4,6000,1e+06,conditioned_spd_givens,61838654,0,512,16x16,FP32,ordinary_partial_pivoting_cusolver_getrf,-1,185.79,775.067,6.40645e-09,1.13227e-06,0.019834,0.334617,0,7561.53,103.169,0,1144.1,243.99,9052.79,624.951,285.271,29.7499,0.0387,185.794,0.2518,4.1637,12.8
2026-08-14T18:48:29,V6c_b64,6000,1e+06,conditioned_spd_givens,61838654,0,512,16x16,FP32,ordinary_partial_pivoting_blocked_lu_cublas_fused_pivot_swap,-1,510.622,282.009,6.46745e-09,1.6308e-06,0.0169495,0.285788,0,8266.13,91.9358,0,1465.23,234.02,10057.3,621.542,282.003,31.4316,0,510.624,0.1552,1.6426,12.8
2026-08-14T18:48:51,V6e_b64,8000,100,conditioned_spd_givens,81784250,0,512,16x16,FP32,ordinary_partial_pivoting_blocked_lu_cublas_single_panel_deferred_swaps,-1,1354.02,252.088,5.7052e-09,1.7053e-06,2.47323e-06,7.32422e-05,0,17760.7,272.274,0,3298.29,491.633,21822.9,1434.51,363.127,102.909,0,1354.03,0.156,3.3868,12.8
2026-08-14T18:49:15,V5c_b64,8000,100,conditioned_spd_givens,81784250,0,512,16x16,FP32,ordinary_partial_pivoting_blocked_lu_custom_rank_b_update,-1,1829.26,186.596,5.70687e-09,1.70536e-06,2.47303e-06,7.32422e-05,0,18530.5,288.605,0,3591.24,384.33,22794.6,1358.24,306.904,52.5952,0,1829.27,0.1557,3.5839,12.8
2026-08-14T18:49:32,V4,8000,100,conditioned_spd_givens,81784250,0,512,16x16,FP32,ordinary_partial_pivoting_cusolver_getrf,-1,328.337,1039.58,5.68897e-09,1.89056e-06,2.79504e-06,7.22885e-05,0,14275.5,176.083,0,1720.18,372.115,16543.8,1067.26,231.312,67.835,0.1024,328.335,0.1721,3.9272,12.8
2026-08-14T18:49:53,V6c_b64,8000,100,conditioned_spd_givens,81784250,0,512,16x16,FP32,ordinary_partial_pivoting_blocked_lu_cublas_fused_pivot_swap,-1,763.881,446.841,5.7052e-09,1.7053e-06,2.47323e-06,7.32422e-05,0,17023.8,173.439,0,2704.38,409.212,20310.8,1405.52,441.363,62.7375,0,763.881,0.1561,3.4063,12.8
2026-08-14T18:50:13,V6e_b64,8000,10000,conditioned_spd_givens,81784452,0,512,16x16,FP32,ordinary_partial_pivoting_blocked_lu_cublas_single_panel_deferred_swaps,-1,1362.34,250.55,5.53763e-09,1.64281e-06,0.000199438,0.00504928,0,15315,166.173,0,2966.65,358.031,18805.8,1283.98,234.811,50.5711,0,1362.34,0.1969,3.3985,12.8
2026-08-14T18:50:34,V5c_b64,8000,10000,conditioned_spd_givens,81784452,0,512,16x16,FP32,ordinary_partial_pivoting_blocked_lu_custom_rank_b_update,-1,1881.05,181.459,5.53909e-09,1.65142e-06,0.000199437,0.00504928,0,13853.6,145.873,0,6308.7,414.128,20722.3,1170.29,3150.79,69.6428,0,1881.05,0.183,3.6815,12.8
2026-08-14T18:50:53,V4,8000,10000,conditioned_spd_givens,81784452,0,512,16x16,FP32,ordinary_partial_pivoting_cusolver_getrf,-1,337.264,1012.07,5.52895e-09,1.54667e-06,0.000219494,0.0047323,0,15153.8,242.252,0,2171.2,493.76,18061,1427.69,282.425,76.371,0.0927,337.259,0.1334,10.6651,12.8
2026-08-14T18:51:10,V6c_b64,8000,10000,conditioned_spd_givens,81784452,0,512,16x16,FP32,ordinary_partial_pivoting_blocked_lu_cublas_fused_pivot_swap,-1,661.514,515.988,5.53763e-09,1.64281e-06,0.000199438,0.00504928,0,13795,150.023,0,2029.82,357.969,16332.8,1087.38,198.714,59.3203,0,661.533,0.1395,3.2432,12.8
2026-08-14T18:51:27,V6e_b64,8000,1e+06,conditioned_spd_givens,81784654,0,512,16x16,FP32,ordinary_partial_pivoting_blocked_lu_cublas_single_panel_deferred_swaps,-1,1350.31,252.781,5.81842e-09,1.35185e-06,0.0234349,0.701513,0,12828.5,145.935,0,2633.88,338.408,15946.7,1006.55,201.588,51.4409,0,1350.32,0.1307,2.8883,12.8
2026-08-14T18:51:44,V5c_b64,8000,1e+06,conditioned_spd_givens,81784654,0,512,16x16,FP32,ordinary_partial_pivoting_blocked_lu_custom_rank_b_update,-1,1773.24,192.492,5.81944e-09,1.32411e-06,0.0234349,0.701513,0,12779.1,143.49,0,3041.65,345.89,16310.1,1009.8,183.546,56.8557,0,1773.3,0.0935,3.0253,12.8
2026-08-14T18:52:00,V4,8000,1e+06,conditioned_spd_givens,81784654,0,512,16x16,FP32,ordinary_partial_pivoting_cusolver_getrf,-1,315.486,1081.93,5.84019e-09,1.61566e-06,0.0225607,0.543818,0,12851.6,146.33,0,1696.35,383.05,15077.4,1062.78,232.918,52.8919,0.0331,315.496,0.1837,4.4333,12.8
2026-08-14T18:52:16,V6c_b64,8000,1e+06,conditioned_spd_givens,81784654,0,512,16x16,FP32,ordinary_partial_pivoting_blocked_lu_cublas_fused_pivot_swap,-1,646.489,527.98,5.81842e-09,1.35185e-06,0.0234349,0.701513,0,12873.3,159.179,0,1874.61,331.874,15239,972.482,186.18,48.1279,0,646.509,0.128,3.348,12.8
2026-08-14T18:52:18,V5c_b64,2000,100,conditioned_spd_givens,22946253,0,512,16x16,FP32,ordinary_partial_pivoting_blocked_lu_custom_rank_b_update,-1,127.889,41.7029,1.20514e-08,1.29418e-06,4.59182e-06,5.47886e-05,0,588.477,11.6294,0,369.897,27.9033,997.907,36.3876,199.82,3.4741,0,127.895,0.1291,1.0398,12.8
2026-08-14T18:52:19,V4,2000,100,conditioned_spd_givens,22946253,0,512,16x16,FP32,ordinary_partial_pivoting_cusolver_getrf,-1,41.2996,129.138,1.23629e-08,1.24018e-06,4.88643e-06,4.97818e-05,0,718.574,14.0462,0,274.992,23.9482,1031.56,37.4607,188.922,3.1437,0.0285,41.3038,0.1842,2.7072,12.8
2026-08-14T18:52:21,V6c_b64,2000,100,conditioned_spd_givens,22946253,0,512,16x16,FP32,ordinary_partial_pivoting_blocked_lu_cublas_fused_pivot_swap,-1,119.352,44.6858,1.20715e-08,1.34297e-06,4.59214e-06,5.47886e-05,0,648.651,12.5908,0,372.804,20.3171,1054.36,61.1716,185.452,3.7157,0,119.353,0.133,1.4597,12.8
2026-08-14T18:52:22,V6e_b64,2000,100,conditioned_spd_givens,22946253,0,512,16x16,FP32,ordinary_partial_pivoting_blocked_lu_cublas_single_panel_deferred_swaps,-1,102.939,51.8108,1.20715e-08,1.34297e-06,4.59214e-06,5.47886e-05,0,572.825,7.6195,0,335.437,25.4292,941.31,33.4713,193.328,3.0312,0,102.951,0.1538,1.0065,12.8
2026-08-14T18:52:24,V5c_b64,2000,10000,conditioned_spd_givens,22946455,0,512,16x16,FP32,ordinary_partial_pivoting_blocked_lu_custom_rank_b_update,-1,111.014,48.042,1.24178e-08,1.67543e-06,0.000354395,0.00508027,0,536.698,8.8979,0,319.938,18.8954,884.429,33.6349,168.751,3.4441,0,111.028,0.1938,1.4362,12.8
2026-08-14T18:52:26,V4,2000,10000,conditioned_spd_givens,22946455,0,512,16x16,FP32,ordinary_partial_pivoting_cusolver_getrf,-1,36.1288,147.62,1.24268e-08,1.3108e-06,0.000362446,0.00413864,0,576.248,19.6081,0,278.336,24.5982,898.79,56.1811,177.036,5.566,0.0436,36.1323,0.1189,2.0701,12.8
2026-08-14T18:52:27,V6c_b64,2000,10000,conditioned_spd_givens,22946455,0,512,16x16,FP32,ordinary_partial_pivoting_blocked_lu_cublas_fused_pivot_swap,-1,94.9965,56.1424,1.24061e-08,1.63291e-06,0.000354394,0.00508027,0,579.08,9.4031,0,316.551,24.5596,929.594,33.282,181.692,3.7783,0,95.0011,0.1961,1.1216,12.8
2026-08-14T18:52:29,V6e_b64,2000,10000,conditioned_spd_givens,22946455,0,512,16x16,FP32,ordinary_partial_pivoting_blocked_lu_cublas_single_panel_deferred_swaps,-1,102.742,51.91,1.24061e-08,1.63291e-06,0.000354394,0.00508027,0,545.466,10.1754,0,343.723,23.4489,922.813,59.0631,176.284,3.0286,0,102.746,0.1744,1.1255,12.8
2026-08-14T18:52:30,V5c_b64,2000,1e+06,conditioned_spd_givens,22946657,0,512,16x16,FP32,ordinary_partial_pivoting_blocked_lu_custom_rank_b_update,-1,100.894,52.8606,1.14074e-08,1.29223e-06,0.0196311,0.182822,0,555.392,12.2863,0,316.461,21.9217,906.06,31.7273,177.58,3.6581,0,100.897,0.1381,1.0792,12.8
2026-08-14T18:52:32,V4,2000,1e+06,conditioned_spd_givens,22946657,0,512,16x16,FP32,ordinary_partial_pivoting_cusolver_getrf,-1,34.6321,154,1.14365e-08,1.34753e-06,0.0220175,0.258435,0,584.058,7.1565,0,260.673,20.7925,872.681,32.5335,186.023,4.1917,0.0615,34.6334,0.1539,1.8408,12.8
2026-08-14T18:52:33,V6c_b64,2000,1e+06,conditioned_spd_givens,22946657,0,512,16x16,FP32,ordinary_partial_pivoting_blocked_lu_cublas_fused_pivot_swap,-1,98.3871,54.2077,1.1487e-08,1.19927e-06,0.0196311,0.182822,0,583.736,9.6267,0,308.58,23.6186,925.562,34.4297,169.715,3.4939,0,98.391,0.1187,0.9224,12.8
2026-08-14T18:52:35,V6e_b64,2000,1e+06,conditioned_spd_givens,22946657,0,512,16x16,FP32,ordinary_partial_pivoting_blocked_lu_cublas_single_panel_deferred_swaps,-1,103.046,51.7567,1.1487e-08,1.19927e-06,0.0196311,0.182822,0,573.497,9.9674,0,346.557,22.6682,952.69,35.9455,201.67,3.0492,0,103.112,0.1742,1.13,12.8
2026-08-14T18:52:41,V5c_b64,4096,100,conditioned_spd_givens,43849661,0,512,16x16,FP32,ordinary_partial_pivoting_blocked_lu_custom_rank_b_update,-1,407.847,112.329,7.97986e-09,1.22193e-06,3.33947e-06,5.22614e-05,0,4265.21,40.4513,0,843.319,90.7036,5239.69,217.83,195.13,17.4898,0,407.846,0.1168,0.86,12.8
2026-08-14T18:52:46,V4,4096,100,conditioned_spd_givens,43849661,0,512,16x16,FP32,ordinary_partial_pivoting_cusolver_getrf,-1,79.9703,572.875,8.15405e-09,1.27187e-06,3.68918e-06,5.50032e-05,0,4203.98,40.748,0,526.862,92.0526,4863.64,227.419,197.969,13.6399,0.0409,79.9748,0.162,2.579,12.8
2026-08-14T18:52:52,V6c_b64,4096,100,conditioned_spd_givens,43849661,0,512,16x16,FP32,ordinary_partial_pivoting_blocked_lu_cublas_fused_pivot_swap,-1,224.324,204.227,8.0002e-09,1.23268e-06,3.3399e-06,5.22614e-05,0,4234.73,35.9957,0,684.832,86.2913,5041.85,229.971,209.172,14.4335,0,224.347,0.1164,1.0021,12.8
2026-08-14T18:52:58,V6e_b64,4096,100,conditioned_spd_givens,43849661,0,512,16x16,FP32,ordinary_partial_pivoting_blocked_lu_cublas_single_panel_deferred_swaps,-1,291.861,156.969,8.0002e-09,1.23268e-06,3.3399e-06,5.22614e-05,0,4187.14,36.2501,0,785.155,89.7069,5098.25,230.507,241.752,15.4631,0,291.882,0.128,1.15,12.8
2026-08-14T18:53:04,V5c_b64,4096,10000,conditioned_spd_givens,43849863,0,512,16x16,FP32,ordinary_partial_pivoting_blocked_lu_custom_rank_b_update,-1,391.553,117.003,7.87577e-09,1.5643e-06,0.000218351,0.00335413,0,4192.45,39.3134,0,835.239,89.5542,5156.56,224.334,197.6,14.6797,0,391.586,0.1274,1.4578,12.8
2026-08-14T18:53:09,V4,4096,10000,conditioned_spd_givens,43849863,0,512,16x16,FP32,ordinary_partial_pivoting_cusolver_getrf,-1,83.9061,546.003,7.98e-09,1.42796e-06,0.000288841,0.00399754,0,4206.89,52.5118,0,540.768,101.891,4902.06,217.834,218.763,13.7243,0.0468,83.9372,0.2396,1.6892,12.8
2026-08-14T18:53:15,V6c_b64,4096,10000,conditioned_spd_givens,43849863,0,512,16x16,FP32,ordinary_partial_pivoting_blocked_lu_cublas_fused_pivot_swap,-1,236.079,194.058,7.86491e-09,1.56421e-06,0.000218352,0.00335413,0,4396.25,45.6757,0,712.197,94.7901,5248.92,253.161,201.701,14.6704,0,236.083,0.1296,1.5072,12.8
2026-08-14T18:53:21,V6e_b64,4096,10000,conditioned_spd_givens,43849863,0,512,16x16,FP32,ordinary_partial_pivoting_blocked_lu_cublas_single_panel_deferred_swaps,-1,322.657,141.987,7.86491e-09,1.56421e-06,0.000218352,0.00335413,0,4397.09,37.8224,0,784.989,93.9328,5313.83,235.936,202.997,15.1071,0,322.68,0.103,1.8998,12.8
2026-08-14T18:53:27,V5c_b64,4096,1e+06,conditioned_spd_givens,43850065,0,512,16x16,FP32,ordinary_partial_pivoting_blocked_lu_custom_rank_b_update,-1,405.061,113.102,7.52775e-09,1.11311e-06,0.0188142,0.307502,0,4289.78,36.4327,0,861.163,96.7035,5284.08,228.123,206,14.4945,0,405.066,0.084,0.9841,12.8
2026-08-14T18:53:33,V4,4096,1e+06,conditioned_spd_givens,43850065,0,512,16x16,FP32,ordinary_partial_pivoting_cusolver_getrf,-1,89.1056,514.142,7.69018e-09,1.0483e-06,0.0202971,0.309668,0,4321.39,36.5599,0,581.464,107.272,5046.68,224.28,235.996,15.5705,0.0356,89.1124,0.2301,6.4514,12.8
2026-08-14T18:53:38,V6c_b64,4096,1e+06,conditioned_spd_givens,43850065,0,512,16x16,FP32,ordinary_partial_pivoting_blocked_lu_cublas_fused_pivot_swap,-1,226.535,202.233,7.50775e-09,1.11272e-06,0.0188142,0.307502,0,4203.4,38.1268,0,684.195,93.3294,5019.06,236.595,201.925,13.2701,0,226.534,0.1192,0.9837,12.8
2026-08-14T18:53:44,V6e_b64,4096,1e+06,conditioned_spd_givens,43850065,0,512,16x16,FP32,ordinary_partial_pivoting_blocked_lu_cublas_single_panel_deferred_swaps,-1,310.551,147.522,7.50775e-09,1.11272e-06,0.0188142,0.307502,0,4289.06,42.328,0,760.432,91.4274,5183.25,225.509,203.058,15.9786,0,310.553,0.1459,1.0115,12.8
2026-08-14T18:53:54,V5c_b64,6000,100,conditioned_spd_givens,62838253,0,512,16x16,FP32,ordinary_partial_pivoting_blocked_lu_custom_rank_b_update,-1,900.219,159.961,6.2711e-09,1.3025e-06,3.4884e-06,9.46045e-05,0,7438.56,98.3657,0,1789.52,240.162,9566.61,622.806,214.749,37.264,0,900.217,0.1282,1.8841,12.8
2026-08-14T18:54:03,V4,6000,100,conditioned_spd_givens,62838253,0,512,16x16,FP32,ordinary_partial_pivoting_cusolver_getrf,-1,169.564,849.237,6.26696e-09,1.40304e-06,3.9516e-06,0.00010885,0,7265.79,86.4857,0,937.119,189.585,8478.98,524.989,192.3,29.5982,0.0378,169.569,0.165,2.8838,12.8
2026-08-14T18:54:13,V6c_b64,6000,100,conditioned_spd_givens,62838253,0,512,16x16,FP32,ordinary_partial_pivoting_blocked_lu_cublas_fused_pivot_swap,-1,404.644,355.869,6.2711e-09,1.3025e-06,3.4884e-06,9.46045e-05,0,7301.77,75.8628,0,1138.29,191.057,8706.98,491.702,203.603,27.7704,0,404.643,0.1021,1.5919,12.8
2026-08-14T18:54:22,V6e_b64,6000,100,conditioned_spd_givens,62838253,0,512,16x16,FP32,ordinary_partial_pivoting_blocked_lu_cublas_single_panel_deferred_swaps,-1,677.14,212.659,6.2711e-09,1.3025e-06,3.4884e-06,9.46045e-05,0,6441.97,74.7243,0,1411.54,183.214,8111.45,520.553,169.169,34.4382,0,677.144,0.1628,2.0078,12.8
2026-08-14T18:54:31,V5c_b64,6000,10000,conditioned_spd_givens,62838455,0,512,16x16,FP32,ordinary_partial_pivoting_blocked_lu_custom_rank_b_update,-1,869.295,165.652,6.6062e-09,1.62369e-06,0.00029746,0.00849621,0,6398.31,71.9535,0,1612.54,191.238,8274.04,502.036,201.554,29.1811,0,869.333,0.1419,1.8176,12.8
2026-08-14T18:54:39,V4,6000,10000,conditioned_spd_givens,62838455,0,512,16x16,FP32,ordinary_partial_pivoting_cusolver_getrf,-1,177.603,810.799,6.78743e-09,1.5273e-06,0.000334603,0.00867229,0,6514.99,73.3474,0,906.521,188.13,7682.99,490.064,197.358,29.5488,0.035,177.606,0.1447,2.9847,12.8
2026-08-14T18:54:47,V6c_b64,6000,10000,conditioned_spd_givens,62838455,0,512,16x16,FP32,ordinary_partial_pivoting_blocked_lu_cublas_fused_pivot_swap,-1,407.933,352.999,6.61138e-09,1.62221e-06,0.00029746,0.00849621,0,6460.31,86.1557,0,1123.12,179.378,7848.97,493.717,177.253,30.8449,0,407.94,0.1919,2.109,12.8
2026-08-14T18:54:56,V6e_b64,6000,10000,conditioned_spd_givens,62838455,0,512,16x16,FP32,ordinary_partial_pivoting_blocked_lu_cublas_single_panel_deferred_swaps,-1,674.2,213.587,6.61138e-09,1.62221e-06,0.00029746,0.00849621,0,6762.93,80.6497,0,1410.48,202.442,8456.51,488.255,202.529,34.2555,0,674.204,0.1479,2.1521,12.8
2026-08-14T18:55:06,V5c_b64,6000,1e+06,conditioned_spd_givens,62838657,0,512,16x16,FP32,ordinary_partial_pivoting_blocked_lu_custom_rank_b_update,-1,852.278,168.959,6.49239e-09,1.60338e-06,0.0198468,0.493522,0,6725.72,90.8055,0,1598.74,182.631,8597.89,501.07,202.816,30.3899,0,852.28,0.1124,1.6012,12.8
2026-08-14T18:55:14,V4,6000,1e+06,conditioned_spd_givens,62838657,0,512,16x16,FP32,ordinary_partial_pivoting_cusolver_getrf,-1,166.746,863.591,6.00093e-09,9.78816e-07,0.0230397,0.564831,0,6426.82,73.2256,0,897.172,183.533,7580.75,502.449,187.745,24.1757,0.0335,166.778,0.1813,2.6236,12.8
2026-08-14T18:55:22,V6c_b64,6000,1e+06,conditioned_spd_givens,62838657,0,512,16x16,FP32,ordinary_partial_pivoting_blocked_lu_cublas_fused_pivot_swap,-1,391.033,368.255,6.50056e-09,1.6043e-06,0.0198468,0.493522,0,6500.26,80.3156,0,1131.25,200.38,7912.2,500.24,200.331,28.621,0,391.04,0.125,1.6479,12.8
2026-08-14T18:55:31,V6e_b64,6000,1e+06,conditioned_spd_givens,62838657,0,512,16x16,FP32,ordinary_partial_pivoting_blocked_lu_cublas_single_panel_deferred_swaps,-1,689.015,208.994,6.50056e-09,1.6043e-06,0.0198468,0.493522,0,6408.57,89.3578,0,1436.35,177.427,8111.7,507.173,199.369,29.1759,0,689.019,0.0908,1.6453,12.8
2026-08-14T18:55:47,V5c_b64,8000,100,conditioned_spd_givens,82784253,0,512,16x16,FP32,ordinary_partial_pivoting_blocked_lu_custom_rank_b_update,-1,1769.13,192.939,5.49e-09,1.58471e-06,2.36033e-06,5.71847e-05,0,12197.9,155.421,0,3122.75,333.062,15809.1,1063.86,201.341,54.5747,0,1769.13,0.155,3.3497,12.8
2026-08-14T18:56:04,V4,8000,100,conditioned_spd_givens,82784253,0,512,16x16,FP32,ordinary_partial_pivoting_cusolver_getrf,-1,323.629,1054.71,5.52708e-09,1.69206e-06,2.4809e-06,5.17964e-05,0,13217.7,237.483,0,2066.53,423.384,15945.1,1325.17,314.144,53.1026,0.0422,323.631,0.1436,5.0623,12.8
2026-08-14T18:56:21,V6c_b64,8000,100,conditioned_spd_givens,82784253,0,512,16x16,FP32,ordinary_partial_pivoting_blocked_lu_cublas_fused_pivot_swap,-1,685.441,497.976,5.4848e-09,1.58539e-06,2.35997e-06,5.71251e-05,0,13157.1,160.449,0,2329.84,343.058,15990.4,1184.74,360.823,54.7066,0,685.451,0.1562,4.0176,12.8
2026-08-14T18:56:39,V6e_b64,8000,100,conditioned_spd_givens,82784253,0,512,16x16,FP32,ordinary_partial_pivoting_blocked_lu_cublas_single_panel_deferred_swaps,-1,1365.48,249.973,5.4848e-09,1.58539e-06,2.35997e-06,5.71251e-05,0,13863.3,174.568,0,2807.33,354.337,17199.5,1103.26,253.024,49.8221,0,1365.48,0.1011,2.1721,12.8
2026-08-14T18:56:56,V5c_b64,8000,10000,conditioned_spd_givens,82784455,0,512,16x16,FP32,ordinary_partial_pivoting_blocked_lu_custom_rank_b_update,-1,1776.33,192.156,5.70212e-09,1.52311e-06,0.000208189,0.00657558,0,13382.2,159.182,0,3242.09,377.489,17160.9,1106.52,271.052,53.9561,0,1776.34,0.1329,3.6459,12.8
2026-08-14T18:57:13,V4,8000,10000,conditioned_spd_givens,82784455,0,512,16x16,FP32,ordinary_partial_pivoting_cusolver_getrf,-1,330.804,1031.83,5.77404e-09,1.86556e-06,0.000228771,0.00655198,0,13363.5,172.515,0,1950.41,376.977,15863.4,1232.47,289.567,48.913,0.0411,330.827,0.2518,4.2879,12.8
2026-08-14T18:57:30,V6c_b64,8000,10000,conditioned_spd_givens,82784455,0,512,16x16,FP32,ordinary_partial_pivoting_blocked_lu_cublas_fused_pivot_swap,-1,678.299,503.219,5.69062e-09,1.52403e-06,0.00020819,0.00657558,0,13459.7,164.502,0,2253.09,351.403,16228.7,1252.14,226.037,52.4875,0,678.303,0.1161,2.9812,12.8
2026-08-14T18:57:47,V6e_b64,8000,10000,conditioned_spd_givens,82784455,0,512,16x16,FP32,ordinary_partial_pivoting_blocked_lu_cublas_single_panel_deferred_swaps,-1,1357.32,251.477,5.69062e-09,1.52403e-06,0.00020819,0.00657558,0,13150.2,152.308,0,2941.89,348.341,16592.8,1261.11,223.433,66.8411,0,1357.32,0.1406,2.8888,12.8
2026-08-14T18:58:05,V5c_b64,8000,1e+06,conditioned_spd_givens,82784657,0,512,16x16,FP32,ordinary_partial_pivoting_blocked_lu_custom_rank_b_update,-1,1781.8,191.567,5.54161e-09,1.39404e-06,0.0163184,0.350433,0,13277.6,147.995,0,3377.98,368.653,17172.2,1239.91,267.402,54.4176,0,1781.81,0.1277,2.3657,12.8
2026-08-14T18:58:21,V4,8000,1e+06,conditioned_spd_givens,82784657,0,512,16x16,FP32,ordinary_partial_pivoting_cusolver_getrf,-1,323.334,1055.67,5.46021e-09,1.2248e-06,0.0179068,0.37441,0,13189.8,165.762,0,1732.98,370.368,15458.9,1067.33,254.562,53.8114,0.0338,323.341,0.1691,4.3097,12.8
2026-08-14T18:58:38,V6c_b64,8000,1e+06,conditioned_spd_givens,82784657,0,512,16x16,FP32,ordinary_partial_pivoting_blocked_lu_cublas_fused_pivot_swap,-1,644.19,529.864,5.54284e-09,1.39494e-06,0.0163184,0.350433,0,13395.3,174.442,0,2205.03,354.783,16129.6,1252.63,216.461,58.8155,0,644.201,0.1524,3.2241,12.8
2026-08-14T18:58:56,V6e_b64,8000,1e+06,conditioned_spd_givens,82784657,0,512,16x16,FP32,ordinary_partial_pivoting_blocked_lu_cublas_single_panel_deferred_swaps,-1,1338.11,255.087,5.54284e-09,1.39494e-06,0.0163184,0.350433,0,13754,195.779,0,2912.49,378.086,17240.4,1194.22,294.684,49.9863,0,1338.14,0.218,5.7356,12.8
2026-08-14T18:58:58,V4,2000,100,conditioned_spd_givens,23946256,0,512,16x16,FP32,ordinary_partial_pivoting_cusolver_getrf,-1,36.3907,146.558,1.19743e-08,1.30986e-06,4.89734e-06,5.91278e-05,0,574.427,8.3968,0,262.055,22.9302,867.809,33.9762,185.028,3.4147,0.0246,36.4161,0.1067,1.9771,12.8
2026-08-14T18:59:00,V6c_b64,2000,100,conditioned_spd_givens,23946256,0,512,16x16,FP32,ordinary_partial_pivoting_blocked_lu_cublas_fused_pivot_swap,-1,170.592,31.2636,1.19835e-08,1.82929e-06,4.15709e-06,6.27041e-05,0,548.817,7.3728,0,415.53,21.4264,993.146,39.372,197.43,5.4758,0,170.595,0.1666,1.1754,12.8
2026-08-14T18:59:01,V6e_b64,2000,100,conditioned_spd_givens,23946256,0,512,16x16,FP32,ordinary_partial_pivoting_blocked_lu_cublas_single_panel_deferred_swaps,-1,103.617,51.4718,1.19835e-08,1.82929e-06,4.15709e-06,6.27041e-05,0,593.685,8.9979,0,339.289,29.4818,971.453,38.3234,189.852,5.2908,0,103.664,0.1377,0.9134,12.8
2026-08-14T18:59:03,V5c_b64,2000,100,conditioned_spd_givens,23946256,0,512,16x16,FP32,ordinary_partial_pivoting_blocked_lu_custom_rank_b_update,-1,106.021,50.3045,1.20056e-08,1.80194e-06,4.15643e-06,6.27041e-05,0,592.399,10.9084,0,333.659,22.1348,959.101,31.841,189.6,4.0688,0,106.033,0.1365,0.8439,12.8
2026-08-14T18:59:04,V4,2000,10000,conditioned_spd_givens,23946458,0,512,16x16,FP32,ordinary_partial_pivoting_cusolver_getrf,-1,37.6013,141.839,1.12278e-08,1.07393e-06,0.000380215,0.0053407,0,578.821,7.7944,0,262.093,26.8848,875.594,33.5592,183.499,3.7756,0.0226,37.6708,0.2095,2.0814,12.8
2026-08-14T18:59:06,V6c_b64,2000,10000,conditioned_spd_givens,23946458,0,512,16x16,FP32,ordinary_partial_pivoting_blocked_lu_cublas_fused_pivot_swap,-1,108.686,49.0711,1.10284e-08,8.46828e-07,0.000318599,0.00457013,0,598.482,10.0091,0,332.065,23.5138,964.069,40.4528,177.274,3.2798,0,108.692,0.1485,0.9658,12.8
2026-08-14T18:59:08,V6e_b64,2000,10000,conditioned_spd_givens,23946458,0,512,16x16,FP32,ordinary_partial_pivoting_blocked_lu_cublas_single_panel_deferred_swaps,-1,104.408,51.0815,1.10284e-08,8.46828e-07,0.000318599,0.00457013,0,554.182,9.1448,0,330.374,26.0908,919.792,33.059,184.346,6.54,0,104.411,0.1359,0.8624,12.8
2026-08-14T18:59:09,V5c_b64,2000,10000,conditioned_spd_givens,23946458,0,512,16x16,FP32,ordinary_partial_pivoting_blocked_lu_custom_rank_b_update,-1,127.928,41.6902,1.09551e-08,8.4404e-07,0.000318601,0.00457013,0,598.098,11.3422,0,356.45,22.3741,988.264,34.2508,187.124,4.7384,0,127.931,0.1162,0.8396,12.8
2026-08-14T18:59:11,V4,2000,1e+06,conditioned_spd_givens,23946660,0,512,16x16,FP32,ordinary_partial_pivoting_cusolver_getrf,-1,36.4888,146.164,1.0528e-08,9.57883e-07,0.0242715,0.299958,0,604.344,10.7035,0,278.233,29.2361,922.517,38.1378,196.233,3.2352,0.0242,36.4926,0.156,2.3979,12.8
2026-08-14T18:59:13,V6c_b64,2000,1e+06,conditioned_spd_givens,23946660,0,512,16x16,FP32,ordinary_partial_pivoting_blocked_lu_cublas_fused_pivot_swap,-1,139.759,38.1609,1.13203e-08,1.09171e-06,0.023792,0.360844,0,653.727,8.6147,0,436.272,28.1542,1126.77,46.3966,242.436,5.3348,0,139.761,0.1291,0.938,12.8
2026-08-14T18:59:15,V6e_b64,2000,1e+06,conditioned_spd_givens,23946660,0,512,16x16,FP32,ordinary_partial_pivoting_blocked_lu_cublas_single_panel_deferred_swaps,-1,106.48,50.0878,1.13203e-08,1.09171e-06,0.023792,0.360844,0,666.471,9.9858,0,354.364,46.636,1077.46,43.3072,195.504,5.7795,0,106.544,0.1633,1.1968,12.8
2026-08-14T18:59:16,V5c_b64,2000,1e+06,conditioned_spd_givens,23946660,0,512,16x16,FP32,ordinary_partial_pivoting_blocked_lu_custom_rank_b_update,-1,118.746,44.9138,1.11288e-08,1.10646e-06,0.023792,0.360844,0,628.908,8.261,0,346.311,23.2276,1006.71,33.7546,187.137,4.1914,0,118.752,0.1178,1.1106,12.8
2026-08-14T18:59:23,V4,4096,100,conditioned_spd_givens,44849664,0,512,16x16,FP32,ordinary_partial_pivoting_cusolver_getrf,-1,82.5208,555.169,8.34769e-09,1.43961e-06,4.35987e-06,8.49962e-05,0,5196.83,43.7366,0,536.736,91.5614,5868.87,230.53,203.209,12.1713,0.03,82.5257,0.1147,2.3304,12.8
2026-08-14T18:59:28,V6c_b64,4096,100,conditioned_spd_givens,44849664,0,512,16x16,FP32,ordinary_partial_pivoting_blocked_lu_cublas_fused_pivot_swap,-1,234.888,195.042,8.33401e-09,1.49612e-06,3.96797e-06,8.78572e-05,0,4264.75,49.6387,0,716.393,92.1671,5122.94,224.601,236.11,14.3762,0,234.895,0.1055,0.7952,12.8
2026-08-14T18:59:34,V6e_b64,4096,100,conditioned_spd_givens,44849664,0,512,16x16,FP32,ordinary_partial_pivoting_blocked_lu_cublas_single_panel_deferred_swaps,-1,296.219,154.659,8.33401e-09,1.49612e-06,3.96797e-06,8.78572e-05,0,4291.58,44.4572,0,781.247,96.9511,5214.24,258.594,203.714,14.4454,0,296.226,0.1047,1.1917,12.8
2026-08-14T18:59:40,V5c_b64,4096,100,conditioned_spd_givens,44849664,0,512,16x16,FP32,ordinary_partial_pivoting_blocked_lu_custom_rank_b_update,-1,412.099,111.17,8.32928e-09,1.48992e-06,3.96768e-06,8.78572e-05,0,4402.62,51.8143,0,896.741,92.7789,5443.95,259.547,200.57,15.8181,0,412.102,0.1216,1.0445,12.8
2026-08-14T18:59:48,V4,4096,10000,conditioned_spd_givens,44849866,0,512,16x16,FP32,ordinary_partial_pivoting_cusolver_getrf,-1,101.607,450.884,8.48185e-09,1.63743e-06,0.000274485,0.00440588,0,5134.38,208.327,0,1158.86,152.665,6654.23,529.832,486.498,21.5812,0.0721,101.606,0.1442,1.7413,12.8
2026-08-14T18:59:54,V6c_b64,4096,10000,conditioned_spd_givens,44849866,0,512,16x16,FP32,ordinary_partial_pivoting_blocked_lu_cublas_fused_pivot_swap,-1,238.965,191.714,8.37432e-09,1.61292e-06,0.000253468,0.00475864,0,4969.73,39.3652,0,749.065,115.339,5873.5,279.984,203.267,16.0922,0,238.975,0.2554,1.6277,12.8
2026-08-14T19:00:01,V6e_b64,4096,10000,conditioned_spd_givens,44849866,0,512,16x16,FP32,ordinary_partial_pivoting_blocked_lu_cublas_single_panel_deferred_swaps,-1,338.127,135.49,8.37432e-09,1.61292e-06,0.000253468,0.00475864,0,4552.17,57.7859,0,1099.14,141.802,5850.9,347.101,386.046,13.4955,0,338.133,0.1983,1.3763,12.8
2026-08-14T19:00:08,V5c_b64,4096,10000,conditioned_spd_givens,44849866,0,512,16x16,FP32,ordinary_partial_pivoting_blocked_lu_custom_rank_b_update,-1,391.378,117.056,8.36736e-09,1.61415e-06,0.00025347,0.00475864,0,4858.71,45.5143,0,833.52,94.7104,5832.45,230.533,191.697,14.3042,0,391.378,0.1109,0.8758,12.8
2026-08-14T19:00:13,V4,4096,1e+06,conditioned_spd_givens,44850068,0,512,16x16,FP32,ordinary_partial_pivoting_cusolver_getrf,-1,85.3606,536.699,8.05199e-09,1.30479e-06,0.0221281,0.265372,0,4235.46,52.0565,0,562.054,106.382,4955.95,240.875,215.253,14.2303,0.0369,85.3645,0.1277,1.8694,12.8
2026-08-14T19:00:19,V6c_b64,4096,1e+06,conditioned_spd_givens,44850068,0,512,16x16,FP32,ordinary_partial_pivoting_blocked_lu_cublas_fused_pivot_swap,-1,234.142,195.664,7.90673e-09,1.23618e-06,0.0231855,0.355458,0,4653.83,45.8201,0,699.563,97.5822,5496.8,237.117,207.232,14.543,0,234.147,0.0959,0.8737,12.8
2026-08-14T19:00:25,V6e_b64,4096,1e+06,conditioned_spd_givens,44850068,0,512,16x16,FP32,ordinary_partial_pivoting_blocked_lu_cublas_single_panel_deferred_swaps,-1,319.617,143.337,7.90673e-09,1.23618e-06,0.0231855,0.355458,0,4285.45,38.0589,0,793.936,102.06,5219.51,261.993,190.85,14.4624,0,319.647,0.194,1.7544,12.8
2026-08-14T19:00:31,V5c_b64,4096,1e+06,conditioned_spd_givens,44850068,0,512,16x16,FP32,ordinary_partial_pivoting_blocked_lu_custom_rank_b_update,-1,402.19,113.909,7.91038e-09,1.27585e-06,0.0231855,0.355458,0,4470.26,47.7595,0,928.538,105.799,5552.36,253.819,247.657,14.0864,0,402.196,0.1951,1.3955,12.8
2026-08-14T19:00:41,V4,6000,100,conditioned_spd_givens,63838256,0,512,16x16,FP32,ordinary_partial_pivoting_cusolver_getrf,-1,183.183,786.098,7.14561e-09,1.9454e-06,3.66347e-06,6.95705e-05,0,7352.26,115.916,0,1133.03,230.189,8831.4,612.497,291.355,28.4611,0.0593,183.187,0.1811,2.397,12.8
2026-08-14T19:00:51,V6c_b64,6000,100,conditioned_spd_givens,63838256,0,512,16x16,FP32,ordinary_partial_pivoting_blocked_lu_cublas_fused_pivot_swap,-1,427.113,337.148,7.11409e-09,1.91325e-06,3.23831e-06,7.22289e-05,0,7388.32,87.3069,0,1195.25,192.457,8863.34,518.525,205.563,33.1963,0,427.12,0.1003,1.41,12.8
2026-08-14T19:01:00,V6e_b64,6000,100,conditioned_spd_givens,63838256,0,512,16x16,FP32,ordinary_partial_pivoting_blocked_lu_cublas_single_panel_deferred_swaps,-1,695.358,207.088,7.11409e-09,1.91325e-06,3.23831e-06,7.22289e-05,0,6773.75,80.9162,0,1591.43,189.898,8635.99,604.629,240.749,31.2268,0,695.374,0.17,2.6207,12.8
2026-08-14T19:01:09,V5c_b64,6000,100,conditioned_spd_givens,63838256,0,512,16x16,FP32,ordinary_partial_pivoting_blocked_lu_custom_rank_b_update,-1,871.643,165.205,7.0911e-09,1.90447e-06,3.23846e-06,7.22289e-05,0,6896.16,89.77,0,1647.74,218.567,8852.23,469.652,264.789,28.5268,0,871.664,0.1148,1.4575,12.8
2026-08-14T19:01:18,V4,6000,10000,conditioned_spd_givens,63838458,0,512,16x16,FP32,ordinary_partial_pivoting_cusolver_getrf,-1,184.054,782.381,6.6322e-09,1.33453e-06,0.000274047,0.0088825,0,6883.83,101.092,0,992.924,218.966,8196.81,568,195.8,31.5537,0.0436,184.055,0.1443,2.4032,12.8
2026-08-14T19:01:27,V6c_b64,6000,10000,conditioned_spd_givens,63838458,0,512,16x16,FP32,ordinary_partial_pivoting_blocked_lu_cublas_fused_pivot_swap,-1,406.256,354.457,6.42241e-09,1.30534e-06,0.000227864,0.00730643,0,6868.58,84.1999,0,1208.45,199.427,8360.66,551.018,208.794,27.8545,0,406.258,0.1043,1.3274,12.8
2026-08-14T19:01:37,V6e_b64,6000,10000,conditioned_spd_givens,63838458,0,512,16x16,FP32,ordinary_partial_pivoting_blocked_lu_cublas_single_panel_deferred_swaps,-1,670.884,214.642,6.42241e-09,1.30534e-06,0.000227864,0.00730643,0,6821.98,91.2074,0,1629.36,195.768,8738.31,691.854,221.204,29.3701,0,670.888,0.1276,1.9089,12.8
2026-08-14T19:01:46,V5c_b64,6000,10000,conditioned_spd_givens,63838458,0,512,16x16,FP32,ordinary_partial_pivoting_blocked_lu_custom_rank_b_update,-1,854.033,168.612,6.42263e-09,1.30768e-06,0.000227865,0.00730643,0,6834.33,93.7918,0,1655.55,200.838,8784.52,525.516,234.807,28.9657,0,854.038,0.1427,2.2605,12.8
2026-08-14T19:01:55,V4,6000,1e+06,conditioned_spd_givens,63838660,0,512,16x16,FP32,ordinary_partial_pivoting_cusolver_getrf,-1,177.014,813.495,6.80089e-09,1.36926e-06,0.0207311,0.333771,0,6740.31,81.0132,0,946.247,183.283,7950.85,521.599,204.908,28.8516,0.0326,177.018,0.1819,2.9153,12.8
2026-08-14T19:02:04,V6c_b64,6000,1e+06,conditioned_spd_givens,63838660,0,512,16x16,FP32,ordinary_partial_pivoting_blocked_lu_cublas_fused_pivot_swap,-1,407.951,352.983,6.6015e-09,1.34066e-06,0.0180026,0.347298,0,7179.66,95.2414,0,1173.61,195.618,8644.13,504.81,214.79,33.0726,0,407.955,0.1061,1.2912,12.8
2026-08-14T19:02:13,V6e_b64,6000,1e+06,conditioned_spd_givens,63838660,0,512,16x16,FP32,ordinary_partial_pivoting_blocked_lu_cublas_single_panel_deferred_swaps,-1,690.178,208.642,6.6015e-09,1.34066e-06,0.0180026,0.347298,0,6824.29,76.9404,0,1450.13,200.133,8551.49,512.618,201.537,32.3244,0,690.193,0.1297,1.4763,12.8
2026-08-14T19:02:23,V5c_b64,6000,1e+06,conditioned_spd_givens,63838660,0,512,16x16,FP32,ordinary_partial_pivoting_blocked_lu_custom_rank_b_update,-1,853.809,168.656,6.62276e-09,1.41139e-06,0.0180026,0.347298,0,6866.31,89.06,0,1611.93,195.855,8763.16,530.309,187.792,29.1342,0,853.835,0.1157,1.6055,12.8
2026-08-14T19:02:39,V4,8000,100,conditioned_spd_givens,83784256,0,512,16x16,FP32,ordinary_partial_pivoting_cusolver_getrf,-1,314.104,1086.69,5.66332e-09,1.634e-06,3.0724e-06,7.98225e-05,0,13146,203.07,0,1973.09,351.816,15673.9,1259.9,304.773,52.1961,0.0422,314.111,0.1897,5.1414,12.8
2026-08-14T19:02:56,V6c_b64,8000,100,conditioned_spd_givens,83784256,0,512,16x16,FP32,ordinary_partial_pivoting_blocked_lu_cublas_fused_pivot_swap,-1,702.362,485.98,5.67031e-09,1.75184e-06,2.56431e-06,7.01427e-05,0,13967.8,151.783,0,2026.42,345.942,16492,1039.54,208.808,54.1716,0,702.366,0.1352,2.7553,12.8
2026-08-14T19:03:15,V6e_b64,8000,100,conditioned_spd_givens,83784256,0,512,16x16,FP32,ordinary_partial_pivoting_blocked_lu_cublas_single_panel_deferred_swaps,-1,1371.45,248.884,5.67031e-09,1.75184e-06,2.56431e-06,7.01427e-05,0,14377.2,170.734,0,3086.92,386.211,18021,1352.2,261.824,63.2225,0,1371.45,0.1346,2.8229,12.8
2026-08-14T19:03:33,V5c_b64,8000,100,conditioned_spd_givens,83784256,0,512,16x16,FP32,ordinary_partial_pivoting_blocked_lu_custom_rank_b_update,-1,1756.96,194.275,5.68311e-09,1.7611e-06,2.56405e-06,7.01427e-05,0,13762.1,160.675,0,3110.51,369.744,17403,1050.5,223.67,48.4711,0,1756.99,0.301,8.093,12.8
2026-08-14T19:03:49,V4,8000,10000,conditioned_spd_givens,83784458,0,512,16x16,FP32,ordinary_partial_pivoting_cusolver_getrf,-1,304.171,1122.18,5.72484e-09,1.6265e-06,0.000261373,0.00661284,0,13157.2,143.69,0,1637.79,367.73,15306.4,1043.18,209.26,51.9271,0.0542,304.175,0.1493,5.9525,12.8
2026-08-14T19:04:05,V6c_b64,8000,10000,conditioned_spd_givens,83784458,0,512,16x16,FP32,ordinary_partial_pivoting_blocked_lu_cublas_fused_pivot_swap,-1,670.97,508.716,5.62577e-09,1.19207e-06,0.000225842,0.00633103,0,13272.7,149.241,0,2074.84,359.141,15855.9,1068.15,241.541,60.2688,0,670.987,0.2977,4.0395,12.8
2026-08-14T19:04:23,V6e_b64,8000,10000,conditioned_spd_givens,83784458,0,512,16x16,FP32,ordinary_partial_pivoting_blocked_lu_cublas_single_panel_deferred_swaps,-1,1355.13,251.883,5.62577e-09,1.19207e-06,0.000225842,0.00633103,0,13145.9,159.018,0,2923.89,351.074,16579.9,1242.5,227.101,63.5533,0,1355.19,0.3826,3.4369,12.8
2026-08-14T19:04:41,V5c_b64,8000,10000,conditioned_spd_givens,83784458,0,512,16x16,FP32,ordinary_partial_pivoting_blocked_lu_custom_rank_b_update,-1,1764.71,193.421,5.62416e-09,1.19633e-06,0.000225842,0.00633103,0,13351,163.256,0,3275.19,371.385,17160.9,1222.49,203.49,55.3647,0,1764.77,0.188,4.3297,12.8
2026-08-14T19:04:57,V4,8000,1e+06,conditioned_spd_givens,83784660,0,512,16x16,FP32,ordinary_partial_pivoting_cusolver_getrf,-1,337.42,1011.6,5.63135e-09,1.34991e-06,0.0194832,0.505906,0,13285.3,140.809,0,1748.87,359.524,15534.5,1057.46,270.428,52.1577,0.0391,337.425,0.1521,5.2472,12.8
2026-08-14T19:05:15,V6c_b64,8000,1e+06,conditioned_spd_givens,83784660,0,512,16x16,FP32,ordinary_partial_pivoting_blocked_lu_cublas_fused_pivot_swap,-1,659.295,517.725,5.3218e-09,1.34414e-06,0.0177736,0.407182,0,14252,151.995,0,2315.28,348.703,17068,1286.13,265.903,53.3333,0,659.303,0.2276,17.3241,12.8
2026-08-14T19:05:32,V6e_b64,8000,1e+06,conditioned_spd_givens,83784660,0,512,16x16,FP32,ordinary_partial_pivoting_blocked_lu_cublas_single_panel_deferred_swaps,-1,1364.09,250.228,5.3218e-09,1.34414e-06,0.0177736,0.407182,0,13530.5,173.034,0,2895.81,373.176,16972.5,1144.54,308.389,48.7143,0,1364.09,0.1311,2.5261,12.8
2026-08-14T19:05:50,V5c_b64,8000,1e+06,conditioned_spd_givens,83784660,0,512,16x16,FP32,ordinary_partial_pivoting_blocked_lu_custom_rank_b_update,-1,1797.91,189.85,5.32638e-09,1.33061e-06,0.0177736,0.407182,0,13452.1,152.114,0,3441.43,367.404,17413.1,1311.68,243.237,47.2431,0,1797.91,0.2032,3.1871,12.8
2026-08-14T19:05:52,V6c_b64,2000,100,conditioned_spd_givens,24946259,0,512,16x16,FP32,ordinary_partial_pivoting_blocked_lu_cublas_fused_pivot_swap,-1,107.558,49.5854,1.22299e-08,1.47357e-06,4.90757e-06,6.82354e-05,0,564.909,7.716,0,360.202,29.2179,962.044,33.8253,212.826,3.149,0,107.569,0.1501,1.1564,12.8
2026-08-14T19:05:54,V6e_b64,2000,100,conditioned_spd_givens,24946259,0,512,16x16,FP32,ordinary_partial_pivoting_blocked_lu_cublas_single_panel_deferred_swaps,-1,104.332,51.1188,1.22299e-08,1.47357e-06,4.90757e-06,6.82354e-05,0,586.638,9.1508,0,314.822,25.3935,936.004,35.2495,169.492,3.0917,0,104.337,0.1878,1.1037,12.8
2026-08-14T19:05:56,V5c_b64,2000,100,conditioned_spd_givens,24946259,0,512,16x16,FP32,ordinary_partial_pivoting_blocked_lu_custom_rank_b_update,-1,119.935,44.4687,1.22532e-08,1.4738e-06,4.90687e-06,6.82354e-05,0,573.079,9.3636,0,344.028,23.6764,950.147,36.4049,181.364,3.5718,0,119.935,0.1536,1.1579,12.8
2026-08-14T19:05:57,V4,2000,100,conditioned_spd_givens,24946259,0,512,16x16,FP32,ordinary_partial_pivoting_cusolver_getrf,-1,36.9953,144.163,1.24877e-08,1.48142e-06,5.0477e-06,6.84738e-05,0,595.468,9.875,0,273.177,25.8514,904.372,40.911,181.343,9.9335,0.0886,37.0284,0.257,2.2958,12.8
2026-08-14T19:05:59,V6c_b64,2000,10000,conditioned_spd_givens,24946461,0,512,16x16,FP32,ordinary_partial_pivoting_blocked_lu_cublas_fused_pivot_swap,-1,125.608,42.46,1.10375e-08,1.27917e-06,0.000267554,0.00380843,0,609.273,8.6498,0,372.574,26.4712,1016.97,44.0901,196.633,3.3005,0,125.613,0.1394,1.157,12.8
2026-08-14T19:06:01,V6e_b64,2000,10000,conditioned_spd_givens,24946461,0,512,16x16,FP32,ordinary_partial_pivoting_blocked_lu_cublas_single_panel_deferred_swaps,-1,108.166,49.3068,1.10375e-08,1.27917e-06,0.000267554,0.00380843,0,596.455,8.0765,0,352.315,34.2288,991.075,32.1962,202.261,7.2937,0,108.165,0.1374,0.9264,12.8
2026-08-14T19:06:02,V5c_b64,2000,10000,conditioned_spd_givens,24946461,0,512,16x16,FP32,ordinary_partial_pivoting_blocked_lu_custom_rank_b_update,-1,123.449,43.2028,1.10403e-08,1.27827e-06,0.000267554,0.00380843,0,593.924,20.7928,0,373.284,26.3745,1014.38,54.3529,188.279,4.6058,0,123.452,0.1294,0.9408,12.8
2026-08-14T19:06:04,V4,2000,10000,conditioned_spd_givens,24946461,0,512,16x16,FP32,ordinary_partial_pivoting_cusolver_getrf,-1,34.7374,153.533,1.12546e-08,1.04281e-06,0.00032888,0.00477629,0,557.174,9.0853,0,275.059,18.4873,859.806,40.8544,192.291,4.3052,0.0435,34.7404,0.1346,1.4902,12.8
2026-08-14T19:06:06,V6c_b64,2000,1e+06,conditioned_spd_givens,24946663,0,512,16x16,FP32,ordinary_partial_pivoting_blocked_lu_cublas_fused_pivot_swap,-1,187.461,28.4504,1.21112e-08,9.47333e-07,0.0227969,0.339114,0,586.635,16.0024,0,417.978,24.6595,1045.27,39.8679,181.995,4.9492,0,187.461,0.1136,1.2287,12.8
2026-08-14T19:06:07,V6e_b64,2000,1e+06,conditioned_spd_givens,24946663,0,512,16x16,FP32,ordinary_partial_pivoting_blocked_lu_cublas_single_panel_deferred_swaps,-1,103.2,51.6795,1.21112e-08,9.47333e-07,0.0227969,0.339114,0,578.967,11.9467,0,305.306,22.1624,918.382,33.0598,164.044,3.0872,0,103.205,0.0787,0.8172,12.8
2026-08-14T19:06:09,V5c_b64,2000,1e+06,conditioned_spd_givens,24946663,0,512,16x16,FP32,ordinary_partial_pivoting_blocked_lu_custom_rank_b_update,-1,120.632,44.2115,1.19497e-08,8.73829e-07,0.0227969,0.339114,0,549.154,12.3725,0,343.715,23.7845,929.026,33.383,182.532,5.1081,0,120.637,0.0936,0.8276,12.8
2026-08-14T19:06:10,V4,2000,1e+06,conditioned_spd_givens,24946663,0,512,16x16,FP32,ordinary_partial_pivoting_cusolver_getrf,-1,38.7297,137.706,1.2553e-08,9.8526e-07,0.0249365,0.361419,0,576.136,8.7109,0,268.228,24.5634,877.639,33.955,188.042,3.0297,0.0269,38.7364,0.3476,2.6144,12.8
2026-08-14T19:06:16,V6c_b64,4096,100,conditioned_spd_givens,45849667,0,512,16x16,FP32,ordinary_partial_pivoting_blocked_lu_cublas_fused_pivot_swap,-1,258.412,177.287,7.84329e-09,1.16915e-06,3.15337e-06,5.20349e-05,0,4309.45,45.621,0,706.884,90.001,5151.96,236.119,191.416,14.5679,0,258.416,0.2002,1.5523,12.8
2026-08-14T19:06:22,V6e_b64,4096,100,conditioned_spd_givens,45849667,0,512,16x16,FP32,ordinary_partial_pivoting_blocked_lu_cublas_single_panel_deferred_swaps,-1,292.204,156.784,7.84329e-09,1.16915e-06,3.15337e-06,5.20349e-05,0,4286.19,47.5147,0,749.259,93.0378,5176,230.534,205.09,14.4036,0,292.208,0.1455,1.6193,12.8
2026-08-14T19:06:28,V5c_b64,4096,100,conditioned_spd_givens,45849667,0,512,16x16,FP32,ordinary_partial_pivoting_blocked_lu_custom_rank_b_update,-1,384.198,119.243,7.84615e-09,1.17135e-06,3.15308e-06,5.20349e-05,0,4255.25,41.6071,0,827.064,92.5386,5216.46,229.888,192.897,12.97,0,384.203,0.146,1.2676,12.8
2026-08-14T19:06:34,V4,4096,100,conditioned_spd_givens,45849667,0,512,16x16,FP32,ordinary_partial_pivoting_cusolver_getrf,-1,83.1252,551.132,7.85662e-09,1.33244e-06,3.31775e-06,5.78165e-05,0,4529.51,41.8964,0,555.335,88.9517,5215.69,251.291,198.699,15.9478,0.042,83.129,0.172,1.8478,12.8
2026-08-14T19:06:40,V6c_b64,4096,10000,conditioned_spd_givens,45849869,0,512,16x16,FP32,ordinary_partial_pivoting_blocked_lu_cublas_fused_pivot_swap,-1,230.884,198.424,7.7961e-09,1.17586e-06,0.00026579,0.00414162,0,4628.48,34.946,0,698.624,89.6865,5451.74,245.191,199.701,16.6683,0,230.889,0.1421,1.1397,12.8
2026-08-14T19:06:46,V6e_b64,4096,10000,conditioned_spd_givens,45849869,0,512,16x16,FP32,ordinary_partial_pivoting_blocked_lu_cublas_single_panel_deferred_swaps,-1,291.184,157.333,7.7961e-09,1.17586e-06,0.00026579,0.00414162,0,4313.13,40.5504,0,778.632,86.3187,5218.63,257,207.636,17.1604,0,291.188,0.1655,1.1938,12.8
2026-08-14T19:06:52,V5c_b64,4096,10000,conditioned_spd_givens,45849869,0,512,16x16,FP32,ordinary_partial_pivoting_blocked_lu_custom_rank_b_update,-1,410.566,111.585,7.79743e-09,1.17559e-06,0.000265791,0.00414162,0,4337.21,70.188,0,861.671,92.2431,5361.32,241.093,186.711,17.8102,0,410.586,0.117,0.8806,12.8
2026-08-14T19:06:57,V4,4096,10000,conditioned_spd_givens,45849869,0,512,16x16,FP32,ordinary_partial_pivoting_cusolver_getrf,-1,83.7456,547.05,7.99711e-09,1.31102e-06,0.000302604,0.0053916,0,4348.15,35.0932,0,531.231,93.352,5007.83,236.316,187.993,13.8424,0.0396,83.7518,0.2172,3.6179,12.8
2026-08-14T19:07:03,V6c_b64,4096,1e+06,conditioned_spd_givens,45850071,0,512,16x16,FP32,ordinary_partial_pivoting_blocked_lu_cublas_fused_pivot_swap,-1,222.128,206.246,7.72039e-09,1.13564e-06,0.0191058,0.297268,0,4441.49,43.2911,0,682.839,97.6906,5265.31,252.943,185.205,14.935,0,222.133,0.1189,0.9566,12.8
2026-08-14T19:07:09,V6e_b64,4096,1e+06,conditioned_spd_givens,45850071,0,512,16x16,FP32,ordinary_partial_pivoting_blocked_lu_cublas_single_panel_deferred_swaps,-1,301.642,151.879,7.72039e-09,1.13564e-06,0.0191058,0.297268,0,4336.59,38.3353,0,768.3,93.7792,5237,233.893,209.37,17.2461,0,301.649,0.1008,0.9955,12.8
2026-08-14T19:07:15,V5c_b64,4096,1e+06,conditioned_spd_givens,45850071,0,512,16x16,FP32,ordinary_partial_pivoting_blocked_lu_custom_rank_b_update,-1,402,113.963,7.68552e-09,1.06452e-06,0.0191058,0.297268,0,4284.16,42.1028,0,878.368,90.2893,5294.92,247.9,208.835,12.036,0,402.004,0.1569,1.3199,12.8
2026-08-14T19:07:21,V4,4096,1e+06,conditioned_spd_givens,45850071,0,512,16x16,FP32,ordinary_partial_pivoting_cusolver_getrf,-1,82.6715,554.157,7.27669e-09,8.7553e-07,0.0217964,0.38415,0,4376.9,40.9816,0,568.615,91.1269,5077.63,239.781,219.985,17.0883,0.0476,82.6758,0.1741,2.4609,12.8
2026-08-14T19:07:30,V6c_b64,6000,100,conditioned_spd_givens,64838259,0,512,16x16,FP32,ordinary_partial_pivoting_blocked_lu_cublas_fused_pivot_swap,-1,444.473,323.979,6.5878e-09,1.75656e-06,2.80148e-06,5.63145e-05,0,6941.61,90.5068,0,1262.98,226.062,8521.16,542.553,228.03,34.1081,0,444.476,0.1196,1.5854,12.8
2026-08-14T19:07:39,V6e_b64,6000,100,conditioned_spd_givens,64838259,0,512,16x16,FP32,ordinary_partial_pivoting_blocked_lu_cublas_single_panel_deferred_swaps,-1,696.394,206.78,6.5878e-09,1.75656e-06,2.80148e-06,5.63145e-05,0,7074.08,84.6154,0,1479.51,207.566,8845.77,531.689,209.527,28.8031,0,696.41,0.1157,1.6657,12.8
2026-08-14T19:07:49,V5c_b64,6000,100,conditioned_spd_givens,64838259,0,512,16x16,FP32,ordinary_partial_pivoting_blocked_lu_custom_rank_b_update,-1,862.311,166.993,6.58742e-09,1.75726e-06,2.80244e-06,5.63145e-05,0,6854.65,95.5287,0,1627.39,205.172,8782.74,525.992,199.799,27.7091,0,862.314,0.1693,1.8511,12.8
2026-08-14T19:07:57,V4,6000,100,conditioned_spd_givens,64838259,0,512,16x16,FP32,ordinary_partial_pivoting_cusolver_getrf,-1,170.754,843.318,6.60731e-09,1.7202e-06,3.19623e-06,6.91772e-05,0,6862.14,79.6071,0,964.618,206.617,8112.99,541.781,198.797,31.7042,0.0401,170.759,0.2269,6.1855,12.8
2026-08-14T19:08:06,V6c_b64,6000,10000,conditioned_spd_givens,64838461,0,512,16x16,FP32,ordinary_partial_pivoting_blocked_lu_cublas_fused_pivot_swap,-1,437.868,328.866,6.49257e-09,1.17482e-06,0.000238062,0.00544469,0,6944.31,96.976,0,1214.45,275.856,8531.59,536.3,195.648,31.6443,0,437.872,0.1212,1.4665,12.8
2026-08-14T19:08:16,V6e_b64,6000,10000,conditioned_spd_givens,64838461,0,512,16x16,FP32,ordinary_partial_pivoting_blocked_lu_cublas_single_panel_deferred_swaps,-1,675.718,213.107,6.49257e-09,1.17482e-06,0.000238062,0.00544469,0,6818.75,72.6609,0,1465.25,187.623,8544.28,553.494,196.278,27.9841,0,675.722,0.1442,1.849,12.8
2026-08-14T19:08:25,V5c_b64,6000,10000,conditioned_spd_givens,64838461,0,512,16x16,FP32,ordinary_partial_pivoting_blocked_lu_custom_rank_b_update,-1,859.582,167.523,6.48126e-09,1.09505e-06,0.000238062,0.00544469,0,6914.85,94.433,0,1595.94,188.134,8793.35,513.541,182.799,27.7955,0,859.588,0.1778,1.6505,12.8
2026-08-14T19:08:34,V4,6000,10000,conditioned_spd_givens,64838461,0,512,16x16,FP32,ordinary_partial_pivoting_cusolver_getrf,-1,170.488,844.633,6.39255e-09,1.36074e-06,0.000265192,0.0051152,0,6843.52,71.7842,0,953.203,182.286,8050.8,533.173,205.717,29.8632,0.0363,170.49,0.1288,2.5821,12.8
2026-08-14T19:08:43,V6c_b64,6000,1e+06,conditioned_spd_givens,64838663,0,512,16x16,FP32,ordinary_partial_pivoting_blocked_lu_cublas_fused_pivot_swap,-1,417.772,344.686,6.60616e-09,1.41702e-06,0.0204531,0.397946,0,7088.57,194.53,0,1247.35,207.332,8737.78,542.052,241.689,33.4722,0,417.798,0.1095,1.6802,12.8
2026-08-14T19:08:53,V6e_b64,6000,1e+06,conditioned_spd_givens,64838663,0,512,16x16,FP32,ordinary_partial_pivoting_blocked_lu_cublas_single_panel_deferred_swaps,-1,678.211,212.323,6.60616e-09,1.41702e-06,0.0204531,0.397946,0,7204.38,78.0471,0,1401.96,184.011,8868.39,492.773,192.729,26.9384,0,678.214,0.1529,2.0714,12.8
2026-08-14T19:09:02,V5c_b64,6000,1e+06,conditioned_spd_givens,64838663,0,512,16x16,FP32,ordinary_partial_pivoting_blocked_lu_custom_rank_b_update,-1,895.427,160.817,6.5885e-09,1.41709e-06,0.0204531,0.397946,0,6945.73,79.0655,0,1646.3,190.191,8861.29,522.926,182.927,32.843,0,895.43,0.1681,2.6598,12.8
2026-08-14T19:09:11,V4,6000,1e+06,conditioned_spd_givens,64838663,0,512,16x16,FP32,ordinary_partial_pivoting_cusolver_getrf,-1,177.905,809.42,6.69657e-09,1.06411e-06,0.0218172,0.450981,0,6726.69,110.904,0,922.024,195.028,7954.65,535.286,173.634,21.9895,0.0351,177.908,0.1545,2.6794,12.8
2026-08-14T19:09:26,V6c_b64,8000,100,conditioned_spd_givens,84784259,0,512,16x16,FP32,ordinary_partial_pivoting_blocked_lu_cublas_fused_pivot_swap,-1,646.115,528.286,5.56929e-09,1.94687e-06,2.52101e-06,6.29663e-05,0,12267.8,159.647,0,2185.19,334.779,14947.4,1160.01,291.588,52.1723,0,646.128,0.1379,2.5091,12.8
2026-08-14T19:09:43,V6e_b64,8000,100,conditioned_spd_givens,84784259,0,512,16x16,FP32,ordinary_partial_pivoting_blocked_lu_cublas_single_panel_deferred_swaps,-1,1337.17,255.265,5.56929e-09,1.94687e-06,2.52101e-06,6.29663e-05,0,12254.9,142.723,0,2895.16,337.351,15630.2,1221.06,224.691,63.9481,0,1337.18,0.1311,2.7324,12.8
2026-08-14T19:10:02,V5c_b64,8000,100,conditioned_spd_givens,84784259,0,512,16x16,FP32,ordinary_partial_pivoting_blocked_lu_custom_rank_b_update,-1,1880.41,181.52,5.57872e-09,1.94459e-06,2.52145e-06,6.29663e-05,0,15045.8,126.294,0,3321.9,385.998,18880,1098.58,256.283,46.3616,0,1880.45,0.2442,3.6023,12.8
2026-08-14T19:10:17,V4,8000,100,conditioned_spd_givens,84784259,0,512,16x16,FP32,ordinary_partial_pivoting_cusolver_getrf,-1,315.683,1081.25,5.60204e-09,1.89946e-06,2.68931e-06,6.1655e-05,0,12231.2,150.339,0,1793.09,326.753,14501.4,1159.7,228.661,56.7157,0.0403,315.689,0.1674,4.597,12.8
2026-08-14T19:10:33,V6c_b64,8000,10000,conditioned_spd_givens,84784461,0,512,16x16,FP32,ordinary_partial_pivoting_blocked_lu_cublas_fused_pivot_swap,-1,685.02,498.282,5.66649e-09,1.15615e-06,0.000196352,0.00407971,0,12620.6,145.909,0,2172.69,299.782,15239,1150.3,250.678,61.6046,0,685.027,0.1946,2.7667,12.8
2026-08-14T19:10:50,V6e_b64,8000,10000,conditioned_spd_givens,84784461,0,512,16x16,FP32,ordinary_partial_pivoting_blocked_lu_cublas_single_panel_deferred_swaps,-1,1358.66,251.228,5.66649e-09,1.15615e-06,0.000196352,0.00407971,0,12915.5,168.484,0,2743.81,333.439,16161.3,1069.64,232.991,58.8126,0,1358.66,0.1123,2.9363,12.8
2026-08-14T19:11:07,V5c_b64,8000,10000,conditioned_spd_givens,84784461,0,512,16x16,FP32,ordinary_partial_pivoting_blocked_lu_custom_rank_b_update,-1,1848.47,184.657,5.67068e-09,1.15615e-06,0.000196353,0.00407971,0,12301,118.564,0,3067.28,364.26,15851.1,948.331,190.077,47.5669,0,1848.51,0.3865,4.3705,12.8
2026-08-14T19:11:22,V4,8000,10000,conditioned_spd_givens,84784461,0,512,16x16,FP32,ordinary_partial_pivoting_cusolver_getrf,-1,328.3,1039.7,5.65782e-09,1.34968e-06,0.000223699,0.00523002,0,12181.1,148.642,0,1650.31,403.989,14384,973.338,265.545,56.7356,0.0567,328.303,0.1326,3.5746,12.8
2026-08-14T19:11:38,V6c_b64,8000,1e+06,conditioned_spd_givens,84784663,0,512,16x16,FP32,ordinary_partial_pivoting_blocked_lu_cublas_fused_pivot_swap,-1,639.401,533.833,5.79885e-09,1.59668e-06,0.0153127,0.323054,0,13181.3,150.254,0,2059.7,307.284,15698.5,1082.21,260.713,48.5467,0,639.461,0.1569,3.13,12.8
2026-08-14T19:11:54,V6e_b64,8000,1e+06,conditioned_spd_givens,84784663,0,512,16x16,FP32,ordinary_partial_pivoting_blocked_lu_cublas_single_panel_deferred_swaps,-1,1343.46,254.07,5.79885e-09,1.59668e-06,0.0153127,0.323054,0,12422.5,141.49,0,2843.15,332.245,15739.4,1151.82,257.486,57.3876,0,1343.47,0.194,3.0105,12.8
2026-08-14T19:12:11,V5c_b64,8000,1e+06,conditioned_spd_givens,84784663,0,512,16x16,FP32,ordinary_partial_pivoting_blocked_lu_custom_rank_b_update,-1,1785,191.223,5.80192e-09,1.58602e-06,0.0153127,0.323054,0,12532.1,149.165,0,3157.93,331.336,16170.6,1108.81,184.232,52.5884,0,1785.03,0.1039,3.7235,12.8
2026-08-14T19:12:26,V4,8000,1e+06,conditioned_spd_givens,84784663,0,512,16x16,FP32,ordinary_partial_pivoting_cusolver_getrf,-1,305.884,1115.89,5.91386e-09,1.50931e-06,0.0174569,0.335838,0,12445,157.093,0,1572.33,334.622,14509,981.455,214.355,49.491,0.0334,305.887,0.1238,3.7149,12.8
2026-08-14T19:12:28,V6e_b64,2000,100,conditioned_spd_givens,25946262,0,512,16x16,FP32,ordinary_partial_pivoting_blocked_lu_cublas_single_panel_deferred_swaps,-1,73.5072,72.5552,1.20091e-08,1.4286e-06,3.90597e-06,4.09245e-05,0,529.953,8.273,0,272.031,19.3791,829.636,31.5808,161.6,3.3311,0,73.5119,0.1244,0.8943,12.8
2026-08-14T19:12:30,V5c_b64,2000,100,conditioned_spd_givens,25946262,0,512,16x16,FP32,ordinary_partial_pivoting_blocked_lu_custom_rank_b_update,-1,108.03,49.369,1.20071e-08,1.38759e-06,3.90393e-06,4.09245e-05,0,546.468,10.0237,0,319.737,22.9376,899.166,33.1845,172.951,2.8978,0,108.036,0.157,1.125,12.8
2026-08-14T19:12:31,V4,2000,100,conditioned_spd_givens,25946262,0,512,16x16,FP32,ordinary_partial_pivoting_cusolver_getrf,-1,36.4147,146.461,1.22388e-08,1.61458e-06,4.06665e-06,3.87788e-05,0,552.214,8.8182,0,235.24,20.2991,816.571,33.3418,157.559,4.8702,0.0654,36.4182,0.1232,1.8161,12.8
2026-08-14T19:12:33,V6c_b64,2000,100,conditioned_spd_givens,25946262,0,512,16x16,FP32,ordinary_partial_pivoting_blocked_lu_cublas_fused_pivot_swap,-1,112.859,47.2565,1.20091e-08,1.4286e-06,3.90597e-06,4.09245e-05,0,517.099,10.1855,0,363.136,20.4375,910.858,39.3012,203.374,4.7098,0,112.864,0.1901,1.1791,12.8
2026-08-14T19:12:34,V6e_b64,2000,10000,conditioned_spd_givens,25946464,0,512,16x16,FP32,ordinary_partial_pivoting_blocked_lu_cublas_single_panel_deferred_swaps,-1,103.447,51.556,1.06657e-08,9.45001e-07,0.000264589,0.00392346,0,552.381,7.7282,0,304.991,20.0212,885.121,35.7254,161.126,3.0099,0,103.453,0.1208,0.6448,12.8
2026-08-14T19:12:36,V5c_b64,2000,10000,conditioned_spd_givens,25946464,0,512,16x16,FP32,ordinary_partial_pivoting_blocked_lu_custom_rank_b_update,-1,173.053,30.8191,1.07303e-08,9.7043e-07,0.000264588,0.00392346,0,539.921,7.3161,0,373.109,20.548,940.894,33.2156,160.475,2.9943,0,173.059,0.1799,1.793,12.8
2026-08-14T19:12:37,V4,2000,10000,conditioned_spd_givens,25946464,0,512,16x16,FP32,ordinary_partial_pivoting_cusolver_getrf,-1,34.1255,156.286,1.12005e-08,9.16006e-07,0.000303669,0.0048701,0,555.663,8.872,0,264.586,18.3148,847.436,34.1477,190.413,2.9386,0.019,34.1307,0.1319,1.704,12.8
2026-08-14T19:12:39,V6c_b64,2000,10000,conditioned_spd_givens,25946464,0,512,16x16,FP32,ordinary_partial_pivoting_blocked_lu_cublas_fused_pivot_swap,-1,88.8284,60.0408,1.06657e-08,9.45001e-07,0.000264589,0.00392346,0,551.855,8.6991,0,294.634,19.4036,874.591,38.0033,161.504,4.2799,0,88.8322,0.117,0.8405,12.8
2026-08-14T19:12:40,V6e_b64,2000,1e+06,conditioned_spd_givens,25946666,0,512,16x16,FP32,ordinary_partial_pivoting_blocked_lu_cublas_single_panel_deferred_swaps,-1,104.763,50.9088,1.17063e-08,1.68318e-06,0.0199674,0.239779,0,553.696,7.1447,0,294.433,20.5362,875.809,30.681,150.243,5.996,0,104.764,0.151,1.1758,12.8
2026-08-14T19:12:42,V5c_b64,2000,1e+06,conditioned_spd_givens,25946666,0,512,16x16,FP32,ordinary_partial_pivoting_blocked_lu_custom_rank_b_update,-1,101.161,52.7214,1.16256e-08,1.6654e-06,0.0199674,0.239779,0,547.289,6.9696,0,304.313,25.3086,883.881,31.2246,165.104,4.4602,0,101.165,0.1268,0.9384,12.8
2026-08-14T19:12:43,V4,2000,1e+06,conditioned_spd_givens,25946666,0,512,16x16,FP32,ordinary_partial_pivoting_cusolver_getrf,-1,36.3812,146.596,1.18037e-08,1.28707e-06,0.0230323,0.258231,0,536.357,9.011,0,254.475,18.5353,818.378,35.8658,175.502,3.7454,0.0418,36.3846,0.1133,1.5926,12.8
2026-08-14T19:12:45,V6c_b64,2000,1e+06,conditioned_spd_givens,25946666,0,512,16x16,FP32,ordinary_partial_pivoting_blocked_lu_cublas_fused_pivot_swap,-1,115.664,46.1106,1.17063e-08,1.68318e-06,0.0199674,0.239779,0,524.123,12.8872,0,320.021,20.3474,877.379,34.3093,164.258,3.9824,0,115.668,0.1091,0.71,12.8
2026-08-14T19:12:51,V6e_b64,4096,100,conditioned_spd_givens,46849670,0,512,16x16,FP32,ordinary_partial_pivoting_blocked_lu_cublas_single_panel_deferred_swaps,-1,304.479,150.463,8.38742e-09,1.48434e-06,3.8221e-06,7.10487e-05,0,4095.98,38.0789,0,715.346,84.9264,4934.33,225.269,167.804,12.1801,0,304.484,0.13,1.0108,12.8
2026-08-14T19:12:56,V5c_b64,4096,100,conditioned_spd_givens,46849670,0,512,16x16,FP32,ordinary_partial_pivoting_blocked_lu_custom_rank_b_update,-1,437.119,104.807,8.36242e-09,1.49566e-06,3.82322e-06,7.11679e-05,0,4006.88,36.4966,0,851.2,84.5884,4979.17,221.436,173.024,13.482,0,437.127,0.0925,0.8617,12.8
2026-08-14T19:13:02,V4,4096,100,conditioned_spd_givens,46849670,0,512,16x16,FP32,ordinary_partial_pivoting_cusolver_getrf,-1,83.1008,551.294,8.36859e-09,1.66697e-06,4.16003e-06,7.54595e-05,0,4124.85,42.5949,0,529.522,78.9555,4775.92,227.535,197.415,16.2389,0.0343,83.1035,0.0901,1.2968,12.8
2026-08-14T19:13:07,V6c_b64,4096,100,conditioned_spd_givens,46849670,0,512,16x16,FP32,ordinary_partial_pivoting_blocked_lu_cublas_fused_pivot_swap,-1,271.424,168.788,8.38742e-09,1.48434e-06,3.8221e-06,7.10487e-05,0,4142.64,36.2709,0,714.597,84.2251,4977.73,236.043,181.907,18.6991,0,271.425,0.097,1.0024,12.8
2026-08-14T19:13:13,V6e_b64,4096,10000,conditioned_spd_givens,46849872,0,512,16x16,FP32,ordinary_partial_pivoting_blocked_lu_cublas_single_panel_deferred_swaps,-1,310.5,147.546,7.48054e-09,9.04302e-07,0.000220666,0.00385176,0,4016.47,41.148,0,722.396,91.3218,4871.34,207.547,184.412,14.9071,0,310.505,0.1232,1.03,12.8
2026-08-14T19:13:18,V5c_b64,4096,10000,conditioned_spd_givens,46849872,0,512,16x16,FP32,ordinary_partial_pivoting_blocked_lu_custom_rank_b_update,-1,447.37,102.405,7.4818e-09,1.09676e-06,0.000220667,0.00385176,0,4016.27,42.5519,0,871.752,84.5305,5015.1,230.912,177.915,10.9,0,447.375,0.0862,0.7853,12.8
2026-08-14T19:13:24,V4,4096,10000,conditioned_spd_givens,46849872,0,512,16x16,FP32,ordinary_partial_pivoting_cusolver_getrf,-1,81.1191,564.762,7.50654e-09,1.00941e-06,0.000257272,0.00388007,0,4007.28,36.7826,0,536.918,79.8598,4660.84,230.421,205.185,14.1852,0.0385,81.123,0.1286,1.9333,12.8
2026-08-14T19:13:29,V6c_b64,4096,10000,conditioned_spd_givens,46849872,0,512,16x16,FP32,ordinary_partial_pivoting_blocked_lu_cublas_fused_pivot_swap,-1,231.387,197.993,7.48054e-09,9.04302e-07,0.000220666,0.00385176,0,4156.07,36.4697,0,627.351,88.1571,4908.05,185.904,188.572,13.0876,0,231.444,0.1593,1.7309,12.8
2026-08-14T19:13:35,V6e_b64,4096,1e+06,conditioned_spd_givens,46850074,0,512,16x16,FP32,ordinary_partial_pivoting_blocked_lu_cublas_single_panel_deferred_swaps,-1,310.534,147.53,8.10585e-09,1.26446e-06,0.0169306,0.281428,0,4078.11,38.2656,0,722.803,86.3972,4925.58,210.322,183.853,13.2076,0,310.54,0.1266,1.015,12.8
2026-08-14T19:13:40,V5c_b64,4096,1e+06,conditioned_spd_givens,46850074,0,512,16x16,FP32,ordinary_partial_pivoting_blocked_lu_custom_rank_b_update,-1,413.983,110.664,8.09267e-09,1.2643e-06,0.0169306,0.281428,0,4021.8,37.9107,0,824.013,87.4387,4971.17,214.574,176.625,13.2121,0,413.989,0.0983,0.9228,12.8
2026-08-14T19:13:46,V4,4096,1e+06,conditioned_spd_givens,46850074,0,512,16x16,FP32,ordinary_partial_pivoting_cusolver_getrf,-1,80.4824,569.23,7.69007e-09,1.04403e-06,0.0183911,0.269189,0,4037.14,38.979,0,539.131,86.5685,4701.82,240.641,196.189,14.8502,0.0328,80.4864,0.1423,2.7721,12.8
2026-08-14T19:13:51,V6c_b64,4096,1e+06,conditioned_spd_givens,46850074,0,512,16x16,FP32,ordinary_partial_pivoting_blocked_lu_cublas_fused_pivot_swap,-1,292.933,156.394,8.10585e-09,1.26446e-06,0.0169306,0.281428,0,4072.36,36.9059,0,720.031,91.9535,4921.25,234.942,171.592,14.7038,0,292.946,0.1859,1.2985,12.8
2026-08-14T19:14:00,V6e_b64,6000,100,conditioned_spd_givens,65838262,0,512,16x16,FP32,ordinary_partial_pivoting_blocked_lu_cublas_single_panel_deferred_swaps,-1,687.665,209.404,6.59912e-09,2.05663e-06,3.57426e-06,9.79424e-05,0,6907.16,79.6304,0,1413.65,184.765,8585.21,492.226,188.008,35.0369,0,687.669,0.1808,2.0179,12.8
2026-08-14T19:14:10,V5c_b64,6000,100,conditioned_spd_givens,65838262,0,512,16x16,FP32,ordinary_partial_pivoting_blocked_lu_custom_rank_b_update,-1,857.15,167.999,6.59884e-09,2.05655e-06,3.57449e-06,9.79424e-05,0,6560.79,83.4733,0,1587.23,188.899,8420.39,477.695,209.366,30.5883,0,857.175,0.1897,2.0432,12.8
2026-08-14T19:14:18,V4,6000,100,conditioned_spd_givens,65838262,0,512,16x16,FP32,ordinary_partial_pivoting_cusolver_getrf,-1,166.162,866.627,6.58491e-09,2.19654e-06,3.8398e-06,0.000100565,0,6946.63,111.777,0,975.516,197.909,8231.84,586.757,181.831,28.1703,0.0289,166.166,0.1458,2.8453,12.8
2026-08-14T19:14:27,V6c_b64,6000,100,conditioned_spd_givens,65838262,0,512,16x16,FP32,ordinary_partial_pivoting_blocked_lu_cublas_fused_pivot_swap,-1,435.461,330.684,6.59912e-09,2.05663e-06,3.57426e-06,9.79424e-05,0,6640.44,84.3253,0,1218.36,207.454,8150.58,532.084,201.147,37.3072,0,435.502,0.103,1.2633,12.8
2026-08-14T19:14:36,V6e_b64,6000,10000,conditioned_spd_givens,65838464,0,512,16x16,FP32,ordinary_partial_pivoting_blocked_lu_cublas_single_panel_deferred_swaps,-1,691.248,208.319,6.59116e-09,1.42733e-06,0.000237505,0.0033164,0,6748.54,72.7306,0,1413.61,185.185,8420.06,488.996,188.132,32.0822,0,691.282,0.0977,2.8288,12.8
2026-08-14T19:14:45,V5c_b64,6000,10000,conditioned_spd_givens,65838464,0,512,16x16,FP32,ordinary_partial_pivoting_blocked_lu_custom_rank_b_update,-1,929.158,154.979,6.56626e-09,1.23892e-06,0.000237505,0.0033164,0,6638.95,76.5917,0,1707.65,221.545,8644.74,497.706,233.483,27.4884,0,929.164,0.2432,2.9682,12.8
2026-08-14T19:14:54,V4,6000,10000,conditioned_spd_givens,65838464,0,512,16x16,FP32,ordinary_partial_pivoting_cusolver_getrf,-1,166.892,862.836,6.73945e-09,1.39556e-06,0.000279092,0.00465991,0,6795.67,67.8946,0,928.278,185.537,7977.38,527.885,194.764,24.038,0.0341,166.895,0.1187,2.8754,12.8
2026-08-14T19:15:03,V6c_b64,6000,10000,conditioned_spd_givens,65838464,0,512,16x16,FP32,ordinary_partial_pivoting_blocked_lu_cublas_fused_pivot_swap,-1,429.003,335.662,6.59116e-09,1.42733e-06,0.000237505,0.0033164,0,6715.25,84.2714,0,1190.29,194.235,8184.04,530.785,189.867,28.6862,0,429.007,0.1363,1.5889,12.8
2026-08-14T19:15:12,V6e_b64,6000,1e+06,conditioned_spd_givens,65838666,0,512,16x16,FP32,ordinary_partial_pivoting_blocked_lu_cublas_single_panel_deferred_swaps,-1,679.467,211.931,6.99029e-09,1.34568e-06,0.019402,0.475444,0,6487.31,76.8329,0,1407.5,175.931,8147.57,504.69,184.684,27.2713,0,679.468,0.1541,1.984,12.8
2026-08-14T19:15:21,V5c_b64,6000,1e+06,conditioned_spd_givens,65838666,0,512,16x16,FP32,ordinary_partial_pivoting_blocked_lu_custom_rank_b_update,-1,886.667,162.406,6.98709e-09,1.33922e-06,0.019402,0.475444,0,6555.57,83.434,0,1643.1,188.327,8470.42,486.998,226.585,30.1546,0,886.682,0.1517,2.4172,12.8
2026-08-14T19:15:29,V4,6000,1e+06,conditioned_spd_givens,65838666,0,512,16x16,FP32,ordinary_partial_pivoting_cusolver_getrf,-1,167.371,860.364,6.93165e-09,1.63949e-06,0.0204878,0.46853,0,6402.26,77.2344,0,911.77,217.177,7608.45,501.389,199.42,29.0467,0.045,167.375,0.1423,3.4801,12.8
2026-08-14T19:15:38,V6c_b64,6000,1e+06,conditioned_spd_givens,65838666,0,512,16x16,FP32,ordinary_partial_pivoting_blocked_lu_cublas_fused_pivot_swap,-1,406.973,353.832,6.99029e-09,1.34568e-06,0.019402,0.475444,0,6690.29,90.9657,0,1132.24,186.861,8100.36,503.695,176.119,35.8312,0,406.977,0.1051,1.6045,12.8
2026-08-14T19:15:54,V6e_b64,8000,100,conditioned_spd_givens,85784262,0,512,16x16,FP32,ordinary_partial_pivoting_blocked_lu_cublas_single_panel_deferred_swaps,-1,1364.09,250.227,5.59303e-09,1.66844e-06,2.62175e-06,4.8399e-05,0,12509.3,149.5,0,2871.44,320.135,15850.3,1156.8,268.562,49.2978,0,1364.1,0.143,2.8199,12.8
2026-08-14T19:16:13,V5c_b64,8000,100,conditioned_spd_givens,85784262,0,512,16x16,FP32,ordinary_partial_pivoting_blocked_lu_custom_rank_b_update,-1,1742.59,195.877,5.60157e-09,1.66993e-06,2.62138e-06,4.8399e-05,0,14629.8,165.937,0,3264.2,328.1,18388,1216.69,216.421,48.1078,0,1742.6,0.1653,5.3795,12.8
2026-08-14T19:16:29,V4,8000,100,conditioned_spd_givens,85784262,0,512,16x16,FP32,ordinary_partial_pivoting_cusolver_getrf,-1,312.295,1092.99,5.64983e-09,1.53266e-06,2.69151e-06,5.28097e-05,0,12644.6,200.979,0,1878.17,358.03,15081.8,1216.12,249.248,71.3095,0.0403,312.302,0.2107,3.7534,12.8
2026-08-14T19:16:45,V6c_b64,8000,100,conditioned_spd_givens,85784262,0,512,16x16,FP32,ordinary_partial_pivoting_blocked_lu_cublas_fused_pivot_swap,-1,696.359,490.169,5.59303e-09,1.66844e-06,2.62175e-06,4.8399e-05,0,12667.8,144.922,0,2075.99,353.699,15242.4,1053.79,248.129,46.3551,0,696.363,0.0977,3.5531,12.8
2026-08-14T19:17:02,V6e_b64,8000,10000,conditioned_spd_givens,85784464,0,512,16x16,FP32,ordinary_partial_pivoting_blocked_lu_cublas_single_panel_deferred_swaps,-1,1361,250.796,5.58728e-09,1.32749e-06,0.000183531,0.00456319,0,12700.8,159.441,0,2804.39,327.186,15991.9,1170.41,189.352,54.9633,0,1361.04,0.1306,2.5056,12.8
2026-08-14T19:17:19,V5c_b64,8000,10000,conditioned_spd_givens,85784464,0,512,16x16,FP32,ordinary_partial_pivoting_blocked_lu_custom_rank_b_update,-1,1768.64,192.992,5.58391e-09,1.32944e-06,0.00018353,0.00456319,0,12605.8,137.381,0,3218.36,340.947,16302.5,1132.28,235.714,47.3089,0,1768.68,0.106,2.4192,12.8
2026-08-14T19:17:33,V4,8000,10000,conditioned_spd_givens,85784464,0,512,16x16,FP32,ordinary_partial_pivoting_cusolver_getrf,-1,312.956,1090.67,5.43738e-09,1.20554e-06,0.000213504,0.00518532,0,12137,135.431,0,1597.63,321.594,14191.7,989.929,221.097,51.1392,0.0376,312.96,0.1421,4.1358,12.8
2026-08-14T19:17:49,V6c_b64,8000,10000,conditioned_spd_givens,85784464,0,512,16x16,FP32,ordinary_partial_pivoting_blocked_lu_cublas_fused_pivot_swap,-1,689.779,494.844,5.58728e-09,1.32749e-06,0.000183531,0.00456319,0,12549,176.485,0,2248.37,384.193,15358.1,1246.26,227.425,59.1149,0,689.819,0.1794,6.9155,12.8
2026-08-14T19:18:05,V6e_b64,8000,1e+06,conditioned_spd_givens,85784666,0,512,16x16,FP32,ordinary_partial_pivoting_blocked_lu_cublas_single_panel_deferred_swaps,-1,1346.37,253.521,5.60433e-09,1.48603e-06,0.0190516,0.522359,0,12391.3,145.291,0,2515.55,332.359,15384.5,941.9,166.464,40.8897,0,1346.38,0.1148,2.8993,12.8
2026-08-14T19:18:22,V5c_b64,8000,1e+06,conditioned_spd_givens,85784666,0,512,16x16,FP32,ordinary_partial_pivoting_blocked_lu_custom_rank_b_update,-1,1821.44,187.398,5.60372e-09,1.5211e-06,0.0190516,0.522359,0,12519.1,146.78,0,3081.65,353.022,16100.6,1019.73,167.112,48.8705,0,1821.46,0.2518,4.0046,12.8
2026-08-14T19:18:37,V4,8000,1e+06,conditioned_spd_givens,85784666,0,512,16x16,FP32,ordinary_partial_pivoting_cusolver_getrf,-1,317.118,1076.36,5.49444e-09,1.28004e-06,0.0194787,0.380204,0,12509.3,136.641,0,1573.89,302.426,14522.2,995.213,184.088,52.4839,0.0322,317.123,0.145,3.5927,12.8
2026-08-14T19:18:53,V6c_b64,8000,1e+06,conditioned_spd_givens,85784666,0,512,16x16,FP32,ordinary_partial_pivoting_blocked_lu_cublas_fused_pivot_swap,-1,690.26,494.5,5.60433e-09,1.48603e-06,0.0190516,0.522359,0,12813.3,121.736,0,1948.94,351.496,15235.5,948.533,223.621,64.3075,0,690.265,0.142,2.5961,12.8
